data,apelant,minute,ora_apel,minut_apel,secunda_apel
23.01.24,b,0.9044876587340382,16,24,29
12.01.24,a,0.4944252419048451,18,26,35
17.02.24,a,1.0557614708398293,15,32,48
30.12.23,b,0.708357917386697,18,53,27
26.01.24,b,0.28138137164562016,7,55,43
17.01.24,b,0.03333333333333333,7,59,0
16.02.24,c,0.042110115705378814,10,48,42
13.12.23,a,0.10153969097603188,15,31,32
12.01.24,e,0.25955729186699616,14,23,11
09.02.24,b,0.5524538830257385,12,18,8
29.12.23,c,0.34700412740961406,10,38,4
05.03.24,c,1.1435145553075305,14,50,28
25.01.24,b,0.7737807686845952,14,19,31
14.02.24,c,1.1325118138425674,13,38,49
14.12.23,b,0.5009277849884239,13,24,34
19.02.24,b,0.16418715679424312,11,49,34
26.01.24,b,1.473915066095611,15,20,40
10.01.24,a,2.202622031249434,15,0,28
06.12.23,a,0.7819374499998608,13,40,45
13.01.24,c,0.9854722650038654,9,17,45
25.01.24,c,0.03333333333333333,19,34,22
25.01.24,b,0.3897362634784267,12,31,58
21.02.24,b,1.1309548969744425,12,48,0
20.12.23,h,0.748804692036972,17,14,20
06.12.23,c,0.9082847125336361,15,42,6
11.01.24,a,0.03333333333333333,10,37,33
05.03.24,c,0.03333333333333333,9,20,51
06.12.23,b,0.6284810887415383,10,35,3
05.03.24,c,1.0870168226347725,18,28,26
31.01.24,c,0.5115160211522061,11,17,50
11.01.24,c,0.5962440107883196,6,36,32
21.02.24,c,0.9235414779930321,14,10,58
17.01.24,h,2.5374860813427143,11,31,42
09.02.24,a,0.5477329202629648,15,48,46
31.01.24,b,0.3932916973842021,8,25,22
29.01.24,b,0.7074648630005479,10,38,12
03.01.24,h,0.03333333333333333,16,8,15
25.01.24,c,0.17996559021558112,15,44,14
06.12.23,c,0.0452809567082757,6,13,48
09.02.24,a,1.3499450464648777,15,0,34
21.02.24,b,0.7874042906112075,10,20,27
22.02.24,d,1.153467949820369,12,43,2
06.12.23,c,0.2540937037802745,11,29,0
23.01.24,b,0.1325897533747159,11,33,30
02.02.24,c,1.2130391338822857,5,34,49
10.01.24,c,0.6215045503592659,10,59,45
09.12.23,a,1.00067448336378,18,22,53
07.12.23,a,1.1925224145461955,10,26,22
07.02.24,h,0.03333333333333333,8,30,47
20.02.24,a,0.7169928934222551,8,8,36
04.01.24,b,1.581388626621014,16,42,23
01.02.24,b,1.362143770639258,13,16,20
05.01.24,a,0.27569907307002156,5,18,0
09.02.24,c,0.3800016857517004,13,24,35
26.01.24,d,0.5007154058404506,13,50,19
25.01.24,a,0.8207048574208331,13,1,46
18.01.24,b,1.020251461180484,12,40,54
09.02.24,b,0.14448406803635316,10,34,32
25.01.24,a,0.4035101699471934,17,26,30
21.02.24,a,0.03333333333333333,6,36,28
05.03.24,b,0.4277524801436594,12,41,43
02.02.24,a,0.03333333333333333,10,21,37
05.03.24,a,1.6943760605971514,9,17,33
26.01.24,c,0.6058983122826368,5,40,18
14.01.24,c,1.3141951430144516,10,38,48
14.12.23,a,1.7392379646234302,12,29,2
19.01.24,a,1.2541241655877566,6,18,15
17.01.24,b,0.9403800814906124,11,36,30
08.01.24,a,1.5090132408359154,16,26,59
06.12.23,c,0.03333333333333333,12,49,0
07.12.23,a,1.2853905641512817,15,25,20
26.01.24,c,0.5143727409709624,13,34,37
21.02.24,c,0.13254338193164594,10,59,5
26.01.24,b,0.7871017976155505,10,22,57
16.01.24,d,1.1269072025514382,16,34,0
21.02.24,d,1.6506788771391552,15,27,0
26.01.24,a,0.12435993474804607,12,30,10
13.01.24,d,1.9252640993256718,14,30,21
05.03.24,c,0.03333333333333333,9,42,47
14.02.24,b,0.5984822598094758,8,31,25
23.01.24,c,0.9641717859257127,16,17,48
29.12.23,a,0.42736829312548685,15,59,30
05.03.24,c,0.6178225842188433,12,56,58
22.02.24,c,1.896278849501772,8,19,30
16.02.24,a,0.5226861714392775,8,10,36
19.12.23,d,1.6835443712352665,7,1,33
23.01.24,c,0.9305077922401008,16,30,35
15.12.23,b,0.340378575079374,12,34,27
06.12.23,c,1.180614972899059,9,50,24
25.01.24,b,1.0192811103277184,16,21,44
29.12.23,b,0.9498583446163708,15,26,34
16.01.24,a,1.394569978989122,6,31,45
31.01.24,c,0.7922676937267074,9,13,8
25.01.24,c,0.03333333333333333,19,20,21
06.12.23,c,0.8018152862647135,17,28,17
05.03.24,a,1.4931889673128595,12,0,29
21.02.24,b,1.0585044136910418,12,20,0
06.12.23,d,0.9463183228725526,8,53,18
25.01.24,d,0.8209875372596949,12,27,12
19.02.24,e,1.097985322246224,12,35,15
21.02.24,c,1.087390940418693,11,27,24
25.12.23,c,0.9909405233031956,13,12,28
19.02.24,b,1.1730505649503218,12,12,2
29.01.24,d,0.3468086329374009,10,39,27
03.01.24,c,1.4681025165514696,13,17,0
29.12.23,c,0.9070000043637011,10,23,42
26.01.24,b,0.03333333333333333,13,35,53
15.01.24,a,0.7391119014114196,6,35,48
22.01.24,b,0.27088560587873173,5,46,47
12.02.24,b,0.9417982030186851,6,24,42
16.01.24,c,0.8117940941290758,9,37,24
08.12.23,c,0.7997213330786779,11,8,29
14.02.24,d,1.0804598866669697,11,45,7
23.02.24,c,0.46154760062653666,15,28,30
26.01.24,a,0.03333333333333333,12,59,31
17.12.23,c,0.7986692453756308,18,33,36
25.01.24,b,0.8437234376343795,15,59,26
31.01.24,c,0.3207890763236392,9,39,27
23.02.24,b,0.7694793424233644,11,20,32
05.03.24,d,0.8773707170559378,15,30,22
10.01.24,c,0.7262695022080684,13,54,9
05.03.24,d,1.6023428799753503,10,24,20
21.02.24,c,1.1849380081586567,11,13,59
05.01.24,a,0.355334329677631,17,20,39
17.01.24,b,0.33615990831000475,9,26,23
19.12.23,a,0.949531042725936,5,39,0
11.01.24,b,1.8525931489106409,14,21,0
13.12.23,c,1.004057679952204,12,3,45
10.01.24,c,1.3287317699410681,9,38,22
09.02.24,c,1.7565683346241734,10,59,23
26.01.24,c,0.03333333333333333,14,41,26
05.01.24,c,0.34491248147742926,16,0,49
29.01.24,b,1.3417144587930112,9,18,54
02.02.24,b,0.8252050552817191,19,52,24
06.12.23,c,0.6513523873704079,16,0,25
17.01.24,a,1.0673577618642442,15,28,16
10.01.24,b,1.4468502430681052,9,23,44
08.01.24,c,1.3441415785935473,10,25,55
31.01.24,a,0.23237536485818555,17,0,14
05.03.24,b,0.7732144273439049,9,12,29
08.01.24,e,0.039539769510297584,12,37,33
25.01.24,b,0.4879209262137685,21,45,42
25.01.24,b,0.49511719182600095,9,36,59
07.12.23,c,0.03333333333333333,14,35,15
12.02.24,b,0.050013110138989125,7,34,20
19.02.24,a,0.8844469964332743,13,19,41
25.01.24,c,1.2738705048976926,5,51,5
20.01.24,e,0.9780248960374182,13,25,34
11.12.23,c,0.690827268075452,10,59,3
19.01.24,b,0.7958417345835651,12,47,16
08.01.24,d,0.03333333333333333,13,11,10
09.01.24,a,1.2931510140812832,9,44,51
15.02.24,c,0.7057712100352209,6,59,32
21.02.24,c,0.03333333333333333,10,59,36
10.01.24,c,0.3506719083687113,9,0,22
11.12.23,a,0.48252147684351393,13,2,26
05.03.24,b,0.183694372747912,11,35,18
07.02.24,c,1.1090665807548985,11,57,38
10.02.24,e,0.8896111869051784,13,44,19
31.01.24,h,0.4115070987100615,19,38,11
22.12.23,b,0.03333333333333333,10,27,32
13.02.24,b,0.3706956148856041,11,10,42
21.02.24,c,0.672073693626663,5,13,27
01.03.24,b,1.834126971582374,8,21,18
10.02.24,b,0.8935796344754419,14,38,59
31.01.24,d,1.114653955071495,14,12,25
21.02.24,c,1.1988728057347433,11,15,21
07.12.23,a,0.8150820137158995,7,49,19
14.01.24,a,0.820484026451172,10,34,18
06.12.23,a,1.0783648741026726,17,18,23
10.01.24,a,1.040387167504329,21,25,47
19.02.24,b,0.16793625075657603,11,12,11
10.02.24,a,0.551831784607616,7,36,41
20.01.24,e,1.325334305356788,18,37,15
23.01.24,b,0.3485372559342273,13,39,38
29.01.24,c,0.03333333333333333,14,34,16
06.12.23,b,0.8193460219185186,14,42,20
22.01.24,b,0.9977779650694072,10,0,50
26.01.24,d,1.2123630305205282,11,31,26
19.02.24,b,0.08560655480283164,12,56,54
28.02.24,c,0.21682120298406182,15,31,24
05.01.24,c,1.6258243639800827,14,16,42
09.01.24,b,0.5920189713113015,14,10,54
25.01.24,c,1.0238398240088347,7,27,16
11.01.24,c,0.5107478514781757,16,22,26
04.01.24,b,0.4011653296163534,13,31,40
25.01.24,c,1.0290507373397415,14,2,27
06.12.23,c,0.7465184748315359,11,41,20
27.12.23,a,0.5996771343343887,16,40,37
05.01.24,c,1.795786767759722,11,6,22
11.12.23,h,1.2043541924168024,14,7,17
25.01.24,b,0.6782984884152679,11,32,24
29.01.24,b,0.5655235180886575,7,7,47
22.01.24,c,0.7742175211619365,12,26,59
05.01.24,c,1.3754265242474357,9,19,10
19.02.24,b,0.03333333333333333,9,30,14
29.01.24,a,1.111886102282513,18,33,37
08.01.24,b,0.03333333333333333,11,15,19
11.01.24,b,0.3655356191437197,7,59,23
31.01.24,b,1.1327717362501861,12,14,41
12.12.23,b,0.03333333333333333,10,18,32
05.03.24,a,0.9322117708449855,8,9,10
05.03.24,c,1.7170867069165088,8,20,0
23.01.24,h,2.0870573383460655,7,26,28
19.01.24,c,0.03333333333333333,15,29,0
19.12.23,a,0.03333333333333333,9,59,4
17.02.24,c,0.03333333333333333,11,59,59
08.01.24,b,0.663443461034758,9,26,13
26.01.24,b,1.2574220707018333,9,19,59
09.01.24,a,0.9709290831241988,15,20,58
20.12.23,c,1.081318641872464,9,36,59
25.12.23,a,0.5896104822867325,15,53,22
13.02.24,c,2.301114517973545,11,0,16
13.01.24,a,1.6195517269604718,16,27,26
11.01.24,d,1.7746940137210634,6,59,40
29.12.23,c,0.17253510151222717,13,34,37
21.02.24,b,0.8053047449652982,13,32,30
23.01.24,b,0.9860987158951166,7,40,2
29.01.24,c,0.2149629297273885,13,41,18
25.12.23,c,1.0885563628044708,16,47,54
23.01.24,a,0.419581972761912,7,59,10
12.12.23,a,1.7974322613017113,12,52,16
09.02.24,a,1.7007112358856202,11,21,47
05.03.24,b,0.19098486033244044,11,23,22
03.01.24,c,1.180899991841286,13,26,19
31.01.24,c,0.03333333333333333,9,32,24
22.02.24,a,1.4042214469276866,15,39,18
04.01.24,c,0.03333333333333333,10,50,18
19.12.23,d,1.34461611023107,9,14,16
08.01.24,b,0.8572986130354256,14,33,39
09.01.24,a,0.2922849826606266,13,5,8
06.12.23,c,1.1538215705995927,8,38,6
11.01.24,b,0.8313481519653143,5,39,41
07.01.24,c,1.9709332904136998,14,43,44
26.01.24,a,1.3949010004696052,8,33,0
11.12.23,b,1.058948658832538,10,36,1
19.01.24,d,0.9246801444191722,21,0,59
05.01.24,e,0.8818681499103073,9,43,24
05.03.24,a,0.03333333333333333,5,43,57
31.01.24,a,0.18239346475407414,7,40,0
03.01.24,c,0.2781208321854088,7,31,54
10.01.24,c,1.3228924854440671,12,16,31
29.01.24,a,1.9241872079322075,13,14,46
06.12.23,c,0.2848881228617819,9,32,22
15.12.23,c,1.474984493821293,14,24,7
06.12.23,b,0.268980364332043,10,38,12
08.01.24,b,0.5105980465905362,18,0,33
05.03.24,c,1.1606089920999727,15,10,32
05.01.24,a,1.4130065893581365,11,0,5
11.01.24,a,1.4728335479576182,11,28,23
17.01.24,c,1.1133403141344413,11,0,11
15.12.23,b,0.40928058374468057,14,17,36
31.01.24,d,0.9407166140678357,16,21,17
01.02.24,a,0.21535525977383607,6,59,35
09.02.24,c,0.9917955440792007,14,34,13
31.01.24,b,0.8275496655136633,13,33,10
23.01.24,c,0.03333333333333333,10,52,0
20.02.24,c,1.285997359182046,12,35,59
05.03.24,b,0.03333333333333333,7,53,58
13.12.23,b,1.3017685217968367,16,7,22
18.01.24,a,0.4556211858732437,7,31,32
31.01.24,e,1.6796824727974473,17,19,28
31.01.24,a,0.842773098381424,16,33,20
22.02.24,a,1.053536291091631,19,46,46
03.01.24,b,0.7436094329951901,15,16,0
29.12.23,c,0.8630134660921882,14,35,37
23.01.24,a,0.21453475931694488,11,25,32
07.01.24,c,1.1803786518427524,13,0,19
15.01.24,c,0.9049803940421396,19,10,0
09.12.23,c,1.1856351345521416,11,36,28
21.02.24,c,0.9440102317250293,7,44,42
05.03.24,b,1.068403954745004,7,31,36
21.02.24,a,0.1745561101243337,5,6,33
11.12.23,c,0.7586052714383931,12,14,23
29.02.24,d,1.472874640117897,13,28,39
29.12.23,a,1.8108936498823707,12,14,19
06.02.24,a,0.8874453815331638,8,37,29
08.01.24,c,0.973383915573417,5,28,49
06.12.23,a,0.834466330010168,11,40,58
06.12.23,a,0.18181505928962927,10,30,56
18.12.23,c,0.9086175624711353,10,38,5
21.02.24,c,0.8887213153897725,10,28,52
05.01.24,a,0.4844279091374749,13,41,26
09.01.24,b,0.4078454404976541,11,45,37
07.02.24,b,1.6612618914299246,8,24,35
21.02.24,c,0.03333333333333333,11,26,27
31.01.24,b,0.03333333333333333,10,33,36
09.12.23,b,0.3398291887505823,13,29,43
10.01.24,b,1.1507371937128745,8,28,33
10.02.24,a,0.03333333333333333,18,51,35
16.02.24,d,1.4202678166111544,5,53,32
28.02.24,c,0.6056384760134541,16,45,24
06.12.23,c,1.781098976896471,10,16,25
11.01.24,b,0.2001654041518085,14,36,17
31.01.24,e,0.03333333333333333,16,6,51
31.01.24,c,0.6892399757371602,13,39,19
05.03.24,c,1.6354447012380833,14,35,24
31.01.24,b,0.7160153651690871,10,30,25
14.01.24,b,1.243039898375799,13,32,55
26.01.24,b,0.4704096328621957,9,55,52
04.01.24,c,1.14896103690801,12,42,22
30.01.24,b,1.2190552923272875,14,20,31
07.02.24,c,1.0852106203157987,16,12,55
06.12.23,a,0.33352796272386503,6,59,44
22.01.24,a,0.523974598032807,17,29,40
10.02.24,c,1.1021299040762005,13,27,59
16.02.24,h,0.5380100224903983,14,29,36
16.02.24,c,1.2500964603161115,14,17,19
21.02.24,h,0.5250619348852666,10,55,11
23.01.24,b,1.08010639423727,6,25,22
20.01.24,e,0.5572020805770532,8,31,31
25.01.24,c,1.4191895765047664,11,34,38
31.01.24,c,0.6503039863702532,14,57,44
09.02.24,c,0.31970973773108724,12,12,49
02.02.24,d,1.2195117374125828,14,41,37
03.01.24,a,0.5844873778077366,8,26,20
16.02.24,b,0.08101221345431231,13,5,26
05.01.24,c,1.1533985575885457,14,26,44
11.01.24,c,0.9460589997502445,8,47,12
03.01.24,c,0.5456816100652464,13,44,18
03.01.24,a,0.5457063775113773,12,29,8
29.12.23,a,0.14562758610780158,11,8,33
23.01.24,a,1.2533670248035942,15,23,22
26.01.24,d,0.8565502217290605,12,8,12
26.12.23,b,1.2277481396999388,18,0,19
26.01.24,b,2.2306927154483294,15,49,17
06.12.23,b,0.5577847259931714,15,40,28
12.02.24,a,0.35222338147598525,12,24,28
31.01.24,c,1.1923737668926266,18,29,26
14.02.24,b,0.6955730284402765,15,26,39
11.01.24,e,0.9500444203232051,10,11,47
07.02.24,h,1.1191141743314201,14,32,17
31.01.24,e,0.23202356814443004,10,30,42
06.12.23,d,1.8151939254162694,16,59,32
07.12.23,c,1.3899499600099983,10,58,46
07.01.24,b,1.0021423904169304,16,12,23
30.01.24,a,1.1667097840805696,12,25,29
25.01.24,a,1.5955798689843579,17,16,15
25.01.24,c,1.1475224720885735,8,31,25
24.02.24,b,1.140331518076611,7,37,39
30.12.23,c,0.43070530233835025,8,9,57
19.01.24,h,0.3993083569803225,14,59,30
06.02.24,c,1.5301103465346533,14,37,47
06.12.23,e,1.2346442428721538,19,5,31
21.02.24,d,0.9201055198817015,16,23,38
22.12.23,b,0.8889850777517874,17,10,28
25.01.24,c,0.308479493952647,11,49,27
17.01.24,c,0.14452077028797716,8,20,0
02.03.24,c,0.6438650165606034,7,38,26
05.03.24,b,0.6098904588873751,9,30,8
21.02.24,b,1.7002430616705095,6,56,3
19.02.24,b,0.8695125619672079,14,23,16
27.02.24,b,0.5142172740173319,8,31,25
21.02.24,h,1.2469961528805085,9,27,6
29.01.24,c,0.03333333333333333,10,0,16
17.01.24,b,0.9925930781486461,13,27,0
25.01.24,a,1.092910630535275,14,25,19
06.02.24,c,1.1582031179935752,17,36,44
17.01.24,a,0.6769865037324687,5,11,59
19.01.24,c,0.7370249180865097,14,28,58
05.01.24,c,1.419385575647456,18,32,19
31.01.24,b,1.4669412831769566,9,10,9
31.01.24,a,1.3664520042630761,17,34,12
22.01.24,a,1.315008132708801,13,7,27
22.01.24,a,0.03333333333333333,10,38,1
25.01.24,a,0.03333333333333333,9,39,15
13.01.24,b,0.9010529134184337,17,4,0
29.12.23,c,1.2543232672801292,19,29,50
26.01.24,e,0.8749480848921701,16,16,6
03.01.24,c,0.44578470107568907,7,56,2
11.01.24,c,0.4400215646994393,16,39,43
04.01.24,a,0.17428892841691412,11,22,44
29.12.23,d,0.7723016837219443,15,32,37
07.02.24,b,0.9961090224802913,18,28,33
22.02.24,c,0.6367568848933789,12,2,2
11.01.24,c,0.03333333333333333,6,41,19
29.01.24,a,0.6256549012597363,17,51,58
25.12.23,c,2.6589841757462542,11,7,18
16.02.24,b,0.03333333333333333,11,27,17
05.01.24,c,1.1303204199202095,11,30,22
04.01.24,b,0.6592887718290691,13,20,28
01.03.24,a,0.34894770640065254,7,35,0
13.12.23,c,1.4790636400628119,12,21,43
19.12.23,b,0.04903789395280744,11,29,14
07.12.23,c,0.9218628948375827,11,0,20
05.03.24,c,0.03333333333333333,11,47,54
29.12.23,d,1.242492410030417,13,47,48
06.02.24,d,1.3845016869478752,14,34,15
05.01.24,b,1.6146999212065278,15,13,56
25.01.24,b,0.26491928745659554,14,31,0
04.03.24,a,0.03333333333333333,8,31,28
14.01.24,a,0.5015942951437415,16,33,43
08.01.24,h,0.865022749259793,11,36,45
10.02.24,c,0.6932648038800814,11,21,42
16.01.24,c,1.489740486637713,10,52,28
25.01.24,b,1.9570107516950768,8,31,49
01.02.24,c,0.9180469068095196,10,37,2
01.02.24,b,1.0667588702461068,8,29,11
05.03.24,b,0.03333333333333333,11,41,56
31.01.24,c,0.03333333333333333,11,59,23
05.01.24,c,0.9729553192551836,16,36,18
06.12.23,e,0.22073868495646132,17,0,4
06.12.23,b,1.3047278765937274,10,30,13
06.12.23,a,0.8636588036201973,14,32,15
05.03.24,a,0.03333333333333333,5,17,6
20.12.23,a,0.8872142284326371,8,37,12
25.01.24,d,1.2482302905128204,19,2,10
25.01.24,c,1.2919839652734457,12,38,52
25.01.24,a,0.39560964125656645,15,40,12
25.12.23,b,0.42656026893536686,16,19,25
09.02.24,d,0.9072992495552608,13,30,18
08.01.24,a,0.7210803513330718,11,26,10
20.01.24,a,1.1007024705048043,9,32,59
24.02.24,b,0.03333333333333333,14,16,58
10.01.24,b,0.9354888234775469,12,55,28
26.01.24,c,1.2469465766837873,18,34,18
03.01.24,d,1.2049864926354403,11,27,29
25.01.24,b,1.9334871464341499,13,14,5
28.02.24,c,0.5521885831165332,13,41,25
02.02.24,b,0.19062566401672898,11,24,44
29.01.24,b,0.5426610834389448,11,6,29
23.01.24,b,0.37184909022111295,15,15,19
16.02.24,c,0.15761830331851445,12,21,21
25.01.24,a,0.6541277803731909,9,49,20
07.02.24,d,0.45561772742581574,17,23,16
01.03.24,c,1.400257218955335,15,44,33
19.02.24,a,1.1278102675950263,8,24,29
17.01.24,d,0.5927073717154746,7,39,48
12.02.24,b,1.149311660381755,15,18,31
11.01.24,e,0.28083493046050445,15,3,27
05.02.24,c,0.3445670305142212,15,35,7
09.12.23,c,0.03333333333333333,7,20,31
01.02.24,a,0.03333333333333333,18,29,35
19.01.24,h,1.4229201448224509,9,47,13
23.01.24,b,1.0976080380012774,13,34,21
13.02.24,e,0.03333333333333333,12,40,19
10.01.24,c,0.8470861255312402,8,20,14
05.03.24,a,1.5040480951915933,15,11,50
06.12.23,h,1.710691905934079,16,23,14
16.02.24,c,1.8569990334781612,6,43,0
06.12.23,c,0.289083047584669,6,31,18
10.01.24,b,0.7050926758607553,11,45,24
25.01.24,b,1.4400619060356974,10,38,21
11.01.24,c,0.4106126843464356,14,59,0
03.01.24,c,0.12220349271089181,14,28,52
22.01.24,b,0.8874046165288736,14,27,32
30.01.24,a,0.2712920123911229,18,17,49
20.01.24,c,1.0950559707971148,12,6,59
26.01.24,b,1.0935443615166474,14,0,49
19.02.24,c,0.42108254920303395,6,55,20
06.12.23,a,0.1557326799255342,15,32,16
11.01.24,b,0.38826179971909924,11,39,43
26.01.24,b,0.03333333333333333,15,44,13
19.01.24,c,0.9787382718601634,9,32,29
24.02.24,c,1.00935603631241,13,21,55
06.12.23,b,1.0121409959402792,14,32,2
23.01.24,a,0.9216354803724677,11,21,38
21.02.24,e,0.03333333333333333,16,30,30
05.03.24,a,1.160367452418738,12,47,37
19.01.24,a,0.1427276307350871,15,14,45
29.01.24,d,0.959348825983277,8,41,41
05.03.24,a,0.03333333333333333,8,55,49
21.02.24,a,0.937289819829541,5,8,19
07.02.24,a,0.03333333333333333,18,36,39
25.01.24,c,0.5137654279251778,10,30,17
26.01.24,b,0.9813111544715483,9,11,18
09.02.24,b,0.3455213170142197,8,44,31
14.02.24,h,0.7849511953761362,11,26,23
18.01.24,c,0.2778735050604608,14,22,12
07.01.24,b,1.41500439463123,13,23,25
23.01.24,d,1.3286623896715484,12,34,32
19.02.24,b,0.3864544856468636,13,38,59
08.12.23,a,0.03333333333333333,8,59,6
06.12.23,a,0.06552556391265874,9,15,0
29.12.23,b,0.03333333333333333,9,51,5
31.01.24,c,1.0201599104861145,13,48,27
02.03.24,a,0.03333333333333333,10,59,3
09.02.24,c,0.9469342552797646,11,48,1
25.01.24,a,0.6126366815591191,11,41,15
07.02.24,a,0.4015239330190943,10,55,2
29.01.24,a,0.8374725274095177,21,24,16
21.02.24,d,1.4362041196587674,11,49,5
31.01.24,d,0.7465173105390706,7,53,41
12.02.24,b,1.3210532349777309,13,31,35
25.01.24,c,1.3984426220331558,10,38,15
20.01.24,a,0.80642688577129,18,11,37
23.01.24,b,0.03333333333333333,11,19,26
19.02.24,a,0.7854741698101629,14,35,21
10.02.24,c,0.7229039345953264,5,49,13
22.02.24,b,1.137265040243094,11,32,29
06.12.23,c,1.5402079838473397,13,52,0
25.01.24,c,0.9093243068043514,9,15,58
11.01.24,b,0.594562491908017,17,3,44
21.02.24,c,1.0815405331093777,12,26,34
03.01.24,c,0.5591585273505317,7,13,59
21.02.24,b,1.121152147952643,16,11,39
25.01.24,b,1.777828235994331,12,29,53
23.01.24,c,0.2259032064633676,8,44,31
01.02.24,a,0.11373852997199851,9,44,49
02.02.24,c,0.8906885161575857,13,44,59
29.01.24,c,0.27818902738464435,9,35,19
25.01.24,b,0.7964411928087141,14,35,22
05.03.24,b,0.03563779221990293,15,17,47
05.01.24,a,0.5599517642059072,11,54,23
25.01.24,a,0.571962548538302,12,26,26
07.02.24,b,1.0761829566269612,11,58,44
06.12.23,a,0.30682376297577746,14,32,50
07.12.23,h,0.9466801882772014,15,31,48
26.01.24,c,0.973467927478297,17,30,21
11.12.23,c,1.9736252312024034,10,0,0
13.01.24,c,0.03333333333333333,16,54,27
11.01.24,a,1.101864769381963,14,18,17
06.12.23,b,0.37608896974189754,12,37,21
25.12.23,c,0.4059818510461695,10,55,12
08.01.24,b,0.8038417348459621,8,31,43
23.01.24,c,1.13533348862725,19,24,33
06.12.23,c,0.5397379371701004,9,46,29
07.12.23,c,0.932170573536775,11,24,38
18.01.24,a,1.3538609542155333,17,32,55
14.01.24,b,0.1639735760733798,14,21,22
17.02.24,c,0.46394304114602786,7,37,37
05.01.24,a,1.1955706924650908,20,31,29
05.03.24,b,0.8238947570435124,9,42,7
13.02.24,a,0.03333333333333333,19,20,17
06.12.23,c,0.03333333333333333,12,8,48
14.12.23,c,0.9038498403074525,15,53,0
29.01.24,a,1.064998377083583,12,28,46
11.01.24,b,0.588424786468593,11,48,46
25.02.24,c,1.007568234799584,10,43,52
20.12.23,a,0.2576086588474823,12,12,20
22.12.23,b,1.4066789368952661,11,18,1
20.12.23,c,1.382165148924197,17,33,31
22.01.24,c,0.4636003330346577,12,21,48
28.02.24,h,0.03333333333333333,10,29,9
10.01.24,b,0.2801672550975477,17,0,39
10.01.24,b,0.9212154289337096,14,37,20
14.01.24,d,1.0996718875404836,14,23,42
19.02.24,b,1.7624174125411174,14,0,55
29.01.24,b,1.1887353055420058,13,22,59
23.01.24,a,0.5336426668485592,15,1,42
21.12.23,a,0.03333333333333333,8,47,48
29.01.24,h,0.06702126864927893,15,24,20
21.02.24,c,0.12534253395083939,13,41,28
18.01.24,e,0.07424546513888353,5,8,11
27.12.23,a,0.6887086489814161,17,0,14
08.01.24,c,1.7340516180094467,16,33,34
10.01.24,b,1.4534963042095277,12,59,43
03.01.24,c,0.8167034967292215,10,53,16
07.02.24,a,0.09855838472444434,13,18,43
22.01.24,c,1.046101430994947,5,34,58
26.01.24,c,0.8165622376746732,19,0,17
07.02.24,a,0.03333333333333333,13,59,32
19.02.24,b,0.8264040683193101,5,28,29
31.01.24,b,0.03333333333333333,13,59,55
05.03.24,b,0.6065260938643113,7,42,41
23.01.24,a,2.252996775981738,8,22,22
27.02.24,b,1.4374057671639626,13,44,0
10.02.24,h,1.1493684055415745,10,24,11
06.12.23,h,1.095428194575113,9,58,46
29.12.23,a,0.5312872460626166,5,24,14
05.01.24,c,1.3780883321448925,7,8,59
19.02.24,a,1.1769030571669823,15,59,44
04.01.24,a,1.3511935567635889,11,44,3
29.12.23,b,0.4955139616310656,11,26,28
09.02.24,c,1.9088786341744504,18,15,18
29.01.24,b,1.3294809336349243,16,22,40
20.01.24,a,1.0327566566570132,17,31,9
25.01.24,a,0.841057766353629,15,52,7
28.12.23,b,0.10037360159034636,13,22,5
09.02.24,a,0.9126744412172757,13,18,20
16.01.24,c,0.6183758615428938,5,41,31
27.12.23,c,0.7147350372655928,13,37,34
23.01.24,c,1.4760731405312406,13,33,59
19.02.24,d,1.5876261460543968,15,24,4
31.01.24,h,1.1350901430566573,18,7,28
06.12.23,h,0.6493568503017293,11,38,0
21.02.24,b,0.7774717219935254,12,20,59
07.02.24,d,0.03333333333333333,12,58,13
09.01.24,c,1.2217915847785903,14,36,9
12.12.23,c,1.0460589632295103,12,20,35
23.01.24,b,1.602190479672812,7,52,12
14.12.23,b,1.0860060723931606,13,23,31
29.01.24,c,1.6187887441492936,16,13,10
25.01.24,b,0.5322030414346792,14,28,32
18.01.24,d,0.7506402079464792,11,15,19
06.12.23,c,0.6756329882345964,11,9,12
05.03.24,d,1.939363123932386,14,18,12
29.01.24,c,0.08263783262274527,12,33,42
11.01.24,c,0.03333333333333333,13,44,0
29.12.23,h,0.788252738349159,12,15,5
14.12.23,b,0.7917331463672443,7,47,0
30.12.23,a,0.4684540396559769,14,3,42
25.01.24,a,1.5296466827731292,17,39,27
05.03.24,c,0.7837094263047124,15,12,25
25.01.24,b,1.6239536010602778,16,53,44
09.12.23,a,1.7903123312350995,14,33,15
11.01.24,c,0.6847440532261294,12,17,51
25.01.24,b,0.8459878430261556,7,19,0
17.01.24,a,1.1120218095935488,10,28,48
23.01.24,c,0.4326836104915263,9,24,36
21.02.24,b,1.2396042372539373,18,0,12
17.01.24,c,0.9724698540648143,19,17,23
17.01.24,c,1.1555066542945327,8,6,19
06.12.23,c,1.4340448625494315,14,50,27
10.02.24,c,0.6561074563670429,16,38,55
14.01.24,b,0.6024828718021114,6,51,14
01.02.24,c,1.0318643274831607,11,35,59
03.01.24,a,0.1291229289525212,8,21,2
09.02.24,a,1.2373073933793863,11,40,14
13.12.23,c,0.4232645717833883,10,18,10
08.01.24,b,0.3628436217175481,14,59,23
10.01.24,c,1.6577479645691455,13,16,33
05.01.24,c,1.2493105172493508,13,18,16
25.01.24,c,1.3128520036429294,17,41,40
29.12.23,b,1.2420053599298413,10,16,0
10.02.24,c,1.324567737184833,7,47,48
25.01.24,a,0.03333333333333333,8,19,21
11.01.24,c,0.9981515870903624,20,34,0
16.02.24,c,1.8241369882004692,9,37,28
05.01.24,h,0.8481607787049378,12,29,14
11.01.24,a,0.39118166849039804,13,12,48
03.01.24,c,0.03333333333333333,9,39,47
05.03.24,a,0.03333333333333333,12,59,36
05.03.24,c,0.03333333333333333,15,24,10
07.12.23,b,1.3321467142689452,9,15,24
03.01.24,c,0.03333333333333333,15,48,30
16.02.24,e,0.9471540093046709,18,39,49
09.02.24,a,0.3908523469753358,14,31,58
13.02.24,a,0.9852385303189194,13,18,0
30.12.23,a,1.8149830055342648,7,16,25
17.01.24,b,0.5076708482227263,6,59,24
19.02.24,b,0.08929467191476426,13,39,4
16.02.24,b,1.1504875014476408,14,12,44
31.01.24,a,1.7447338252308073,21,16,37
21.02.24,a,0.08288587259227564,13,55,35
11.01.24,b,1.6455170477247385,15,19,29
16.02.24,c,0.7912083382968389,8,35,29
08.01.24,e,0.03333333333333333,8,35,30
31.01.24,c,1.0666529418737616,12,30,8
03.01.24,b,0.6822475394390186,5,53,15
19.02.24,h,0.35723234079752725,11,49,36
05.01.24,h,0.7686440261325859,12,20,3
26.01.24,a,0.995664425116874,16,43,26
02.03.24,b,0.3610813753601462,13,24,31
26.01.24,b,0.5255612250401188,10,21,27
05.01.24,a,0.5942611219385748,14,13,38
15.02.24,b,0.6170682184514285,8,23,0
18.01.24,a,0.34747151670968546,11,19,22
31.01.24,c,0.8417249192658061,17,29,32
16.01.24,c,1.3715524802593413,10,34,0
10.01.24,b,1.0022835758434034,11,28,42
18.01.24,b,0.5811056105482314,11,37,11
23.01.24,c,1.338906742448377,9,30,59
22.01.24,b,1.3547408058565036,14,23,48
11.01.24,d,0.4082653546245224,11,43,0
23.01.24,d,0.9162764207500308,9,29,35
31.01.24,b,0.762038155976613,15,27,41
05.03.24,b,1.1626594443211067,11,15,26
05.01.24,b,0.7563090974368059,12,53,20
31.01.24,a,1.8356977575687727,18,8,53
29.02.24,a,0.04396220182728949,11,42,51
14.01.24,c,0.9410449204494802,15,28,10
20.12.23,d,0.36640516871428463,11,59,17
29.02.24,h,1.2814810758366664,14,49,59
30.01.24,a,0.46273869280150776,15,11,21
23.01.24,b,0.9810771924701949,12,43,56
21.02.24,c,0.717523435394288,15,36,44
07.02.24,a,0.03333333333333333,15,24,38
11.01.24,b,0.7526445581856779,14,19,46
26.01.24,c,0.1347387908897868,9,48,8
10.01.24,c,0.9732760396671237,11,4,14
09.01.24,b,0.9337605276604717,10,4,43
14.02.24,b,0.15075082542177287,9,42,11
19.02.24,b,0.0851767249392269,15,49,19
23.02.24,d,0.8838340839912311,15,42,44
29.01.24,c,0.23178304008799888,10,32,38
23.01.24,c,0.5088602548724864,17,22,43
11.01.24,b,0.4854287969659759,11,0,32
15.12.23,c,1.4990717312353912,7,25,0
29.01.24,e,0.4918904785208854,11,10,47
23.01.24,d,0.7701911292716429,15,25,28
06.12.23,b,0.8951136254144147,13,53,28
14.02.24,b,1.157168264071601,13,37,33
15.12.23,c,0.1936590877768256,22,2,5
26.01.24,a,0.8446272310835469,16,13,35
29.01.24,a,0.5640096246916757,15,43,18
12.01.24,b,0.41609423108375637,10,29,20
05.01.24,d,1.4325090127797977,17,51,34
16.01.24,c,0.5220091208238816,6,34,44
25.01.24,e,0.5882046533129188,12,45,36
05.03.24,c,0.977878092481927,9,32,33
03.01.24,h,1.018718122816716,19,17,0
31.01.24,e,0.46261147231088556,18,31,33
11.01.24,h,1.0491356807685015,7,6,21
28.12.23,b,0.6541977041039223,12,25,37
11.01.24,b,2.034983301740814,9,31,27
22.01.24,a,0.5975967730076825,11,10,7
11.01.24,d,0.8243272311949369,13,40,41
10.01.24,e,0.8744722867502372,15,26,56
25.01.24,d,1.3354073434076263,10,27,40
19.02.24,c,0.03333333333333333,16,47,51
25.01.24,a,0.6276876600200736,13,28,2
04.02.24,b,1.0054013401247746,14,48,15
18.01.24,c,0.22417890406293695,5,35,44
05.03.24,c,1.9699947101214876,9,13,34
23.02.24,b,0.40112946570272495,10,41,8
31.01.24,a,0.2577117245006,12,26,12
16.02.24,b,0.9041004548833815,14,39,34
25.01.24,a,0.9923936752307265,13,34,11
15.01.24,a,0.5375428007662948,11,7,39
06.12.23,a,0.2697743303403142,20,21,32
31.01.24,c,0.7358005967461495,14,34,59
18.01.24,c,0.8771694262329758,10,28,20
29.02.24,d,2.003201948282401,8,43,46
20.01.24,a,0.8949942143856753,9,55,26
25.12.23,a,1.0090085192184157,16,17,26
11.01.24,b,0.8218214907037428,9,21,52
14.01.24,a,0.6144790665256873,9,24,59
08.01.24,c,1.1023428677327562,13,19,59
25.01.24,c,0.9233433648617605,15,29,33
05.03.24,e,0.4862615986347123,15,20,8
31.01.24,c,0.42819609293361593,8,17,16
15.02.24,c,0.803409866702076,14,44,5
21.02.24,c,0.7384417759243379,13,36,48
15.12.23,a,0.9631859622355045,11,31,59
11.01.24,a,0.5164262389111282,16,15,0
02.02.24,b,0.40640712252662015,17,0,39
21.02.24,b,0.556566659187034,7,49,59
06.12.23,c,0.33410774950379163,11,57,40
21.02.24,b,1.101545279672706,18,45,23
16.02.24,c,0.8194401259451608,13,0,41
29.01.24,b,0.16702443510360132,15,36,35
22.01.24,e,0.7798780829275573,20,42,48
31.01.24,b,0.03333333333333333,8,23,13
21.12.23,d,0.8037870949253741,5,41,40
17.12.23,b,1.1186246512447942,16,30,43
26.01.24,a,1.4135365478195485,8,11,31
13.01.24,b,0.6135589465533884,15,12,19
14.01.24,e,0.11312072860445943,15,17,28
11.01.24,b,1.0988655525194824,14,35,47
08.01.24,c,1.1860631025562096,11,38,0
29.12.23,b,1.171029773295271,16,16,17
06.12.23,e,1.0174907080046376,6,50,9
03.01.24,b,1.043461209976208,17,40,45
11.01.24,a,1.0321797561163801,10,29,40
26.01.24,b,0.26798260922563133,12,59,22
13.02.24,c,0.9240570850670003,11,11,29
11.01.24,h,1.3879743738163242,7,52,15
06.12.23,a,0.8517528812767117,19,16,21
18.01.24,h,1.061701494822334,13,18,26
26.01.24,b,1.385756630195889,9,26,36
21.02.24,c,1.1504461189590272,15,45,59
09.12.23,c,0.7740225643004981,6,27,59
17.12.23,d,1.146438560664975,13,20,14
23.01.24,b,1.3331494953063445,10,41,34
31.01.24,a,1.2231836360648165,13,34,56
19.01.24,b,1.1677324718315751,10,28,15
23.01.24,b,0.979134616252944,20,19,40
06.12.23,e,0.6920433909632737,12,33,47
25.01.24,c,0.906403967939972,7,8,37
10.02.24,c,0.7888789473460438,12,0,25
31.01.24,d,0.5786139638071376,10,5,33
26.01.24,c,1.2181113010898614,7,21,32
19.02.24,b,1.6145475823168183,13,39,6
22.02.24,c,1.0789550819061962,15,21,44
17.01.24,c,1.4810570319185987,16,49,0
10.02.24,c,0.5501079134363995,8,4,50
18.01.24,b,0.22408985210791887,14,47,0
23.01.24,a,0.06427580093081953,11,53,53
17.01.24,c,0.6228267573173458,11,6,28
11.01.24,c,0.44825505462557697,10,21,37
14.02.24,c,0.5629582074096149,5,37,24
10.01.24,b,0.03333333333333333,18,17,30
27.02.24,b,0.750421399832178,15,28,38
03.01.24,a,0.7339065126514375,16,20,29
01.02.24,c,1.1280339440640839,13,6,15
09.02.24,e,1.3957526387262527,11,2,16
21.02.24,d,0.03333333333333333,15,36,15
22.01.24,c,0.7849786054060132,14,37,35
18.01.24,b,1.2314109925098804,10,7,55
14.01.24,a,1.2202274369325554,15,59,21
23.01.24,a,1.1474243296115016,13,10,22
08.01.24,a,0.03333333333333333,14,12,0
09.01.24,a,0.8520900904176948,16,36,36
06.12.23,a,0.3797368575570533,12,33,10
05.03.24,a,0.3549692881191825,15,30,57
04.02.24,c,0.32360732828519406,13,54,57
05.01.24,c,0.8000550491729492,7,4,39
06.12.23,c,0.7545239995561712,8,2,23
10.01.24,e,0.6871595758824862,13,59,51
31.01.24,b,0.3066275318886344,15,33,33
10.01.24,c,0.11097094338636193,10,17,0
21.02.24,c,0.09099446048606585,6,35,12
12.02.24,h,0.30700723432617005,8,59,46
06.12.23,d,1.8337014730688854,14,29,26
09.02.24,b,0.8845218880820818,11,47,42
06.12.23,c,0.05673397231326338,15,9,13
05.03.24,a,0.6804389351183222,12,44,35
19.01.24,b,0.9368622174474024,13,9,56
27.12.23,a,0.7551013003466291,11,0,59
20.01.24,b,0.5668219484145811,12,33,57
31.01.24,b,0.7283392539484492,8,22,44
17.12.23,a,0.512591968417303,12,27,24
29.02.24,b,0.5906424085420708,10,23,43
21.02.24,a,1.3315058582827468,11,8,28
18.01.24,h,0.5800717921590897,10,31,22
08.12.23,h,0.768843006534214,9,11,5
29.01.24,c,0.03333333333333333,18,42,57
25.01.24,a,0.33946883657373184,13,2,40
14.12.23,e,1.200455660206104,12,0,59
08.01.24,a,0.03333333333333333,12,44,47
31.01.24,a,0.03333333333333333,7,20,2
05.03.24,b,0.6370842250775222,8,46,19
06.12.23,a,0.03333333333333333,10,35,34
12.02.24,a,0.045771988480011405,13,47,59
11.12.23,d,0.7871408187470195,9,16,10
19.01.24,b,1.472549194486581,9,42,18
27.02.24,b,1.2820102381470844,12,37,15
17.01.24,c,1.0559156767194537,7,15,59
01.03.24,d,0.7715750886691589,13,31,11
26.01.24,b,0.07069376892978396,9,52,15
09.01.24,c,1.0151400743786825,13,29,37
23.02.24,b,0.9929247424249631,9,24,3
26.01.24,c,0.22812522722393203,16,31,33
07.12.23,e,1.1242634698232938,17,6,30
29.01.24,b,0.9618142575615396,8,6,40
11.01.24,a,0.10840883664717638,8,35,11
10.02.24,c,0.6964253269426132,8,6,54
02.02.24,b,1.327492488020444,13,7,6
16.01.24,b,1.0990056012513183,15,5,38
29.12.23,d,0.7447935881573845,12,27,13
14.01.24,a,0.03333333333333333,12,7,26
18.01.24,a,1.4839614642790537,15,26,37
05.03.24,b,0.48922304288828145,8,29,0
12.02.24,c,0.723271121456462,10,38,7
23.02.24,c,0.7640856910298983,17,46,0
11.01.24,b,0.8926027683569918,12,11,50
31.01.24,c,0.917097959854908,15,47,0
29.12.23,c,1.3880225986482344,16,29,53
11.01.24,c,0.3224916222516597,14,59,59
31.01.24,h,1.3169200343290355,8,35,20
11.01.24,c,1.70671232075587,17,15,2
18.01.24,h,0.8004200144769875,13,27,37
04.01.24,a,0.9545319105137289,12,28,0
25.12.23,b,0.5182905133122374,13,25,19
18.01.24,a,0.8887401937367703,14,22,3
26.01.24,c,0.03333333333333333,11,31,19
31.01.24,b,1.8693728632285456,11,0,5
14.01.24,a,0.03333333333333333,9,30,21
03.01.24,h,1.54345998438728,7,21,25
05.03.24,b,0.22993167691092964,9,38,17
06.12.23,c,1.1218551154921255,10,16,33
29.02.24,c,1.0404642645394047,14,16,33
31.01.24,a,0.5514128509567584,11,34,48
31.01.24,c,1.2154642549472636,9,44,37
05.01.24,b,0.18751932789078263,8,50,19
26.01.24,h,0.8038999742405032,10,29,19
30.01.24,b,0.6742607652868156,13,24,53
25.01.24,c,1.2256066856587233,12,40,30
30.12.23,b,0.6943596634936199,6,20,59
19.02.24,a,0.03333333333333333,10,50,26
12.02.24,b,0.7863079979450995,10,39,39
19.02.24,h,0.3294847571766438,15,50,21
11.01.24,e,0.8817069896748496,15,8,38
19.01.24,a,0.03333333333333333,11,52,0
25.01.24,c,0.5382974132628715,18,0,31
21.02.24,a,1.1659606589977405,19,9,15
16.01.24,c,1.524294343146074,10,40,42
08.01.24,c,0.7403763683725214,6,17,36
09.12.23,c,0.49206499324965947,7,26,15
18.02.24,c,1.0129689471098962,13,9,47
21.12.23,a,1.5647992541115094,13,14,16
26.01.24,b,0.30208163897714474,18,6,20
16.02.24,a,0.6153490936739769,13,59,14
08.01.24,b,0.5055361972559334,5,25,32
09.01.24,b,0.03333333333333333,11,41,45
13.01.24,c,0.6580499717588475,11,6,0
17.01.24,h,0.14728526658234486,11,21,23
21.02.24,b,0.03333333333333333,15,45,45
07.02.24,h,1.1692870440141876,14,36,59
28.02.24,b,0.9367320859118357,10,16,37
13.01.24,c,1.025031004809404,14,59,38
15.01.24,c,0.2493429089862369,17,6,20
29.12.23,a,1.1005156332950508,10,0,27
29.01.24,b,0.4284616418635096,11,25,43
05.02.24,c,1.3341644514531863,11,37,13
19.02.24,b,0.7600229587318371,9,24,25
19.01.24,c,0.03333333333333333,9,45,35
14.02.24,a,0.6574324205547392,15,35,25
25.12.23,a,0.4757335442413673,10,17,31
20.01.24,e,0.2603396393897496,12,52,17
25.01.24,c,0.5145410078396049,15,31,26
26.01.24,c,0.4576142929657735,11,15,25
07.02.24,b,1.3371522892354024,12,36,39
06.12.23,c,2.5502591960866647,8,17,24
29.12.23,e,0.6608153342192105,10,19,35
11.01.24,c,0.5882172676225444,7,18,27
05.03.24,a,0.6065887970534122,6,36,51
26.01.24,a,0.5420562559825743,16,39,14
18.01.24,a,1.2868650728715445,10,13,42
26.12.23,c,0.24615496080073107,6,51,21
11.01.24,b,0.09559051091135617,12,41,26
21.02.24,c,0.03333333333333333,6,58,47
31.01.24,a,0.7081891228721467,19,5,16
06.02.24,h,1.2216087164131249,13,26,34
23.02.24,b,1.314445910503852,11,59,32
08.01.24,d,1.9717170289607049,5,54,29
26.01.24,c,0.5685388167317604,13,32,28
25.01.24,c,0.14050382834981368,7,16,24
11.01.24,b,0.9035577579744977,14,5,22
01.03.24,b,0.22674605591207986,15,0,37
26.01.24,a,1.3648587239944847,20,18,23
18.01.24,b,0.30671115068705906,11,39,59
19.01.24,b,1.096017904339058,13,28,40
19.01.24,a,0.8188451889515873,12,32,38
23.01.24,h,0.9522300580855609,17,36,23
05.01.24,c,1.1147862123963985,17,44,30
26.01.24,c,0.03333333333333333,13,30,14
16.02.24,d,0.03333333333333333,11,47,22
01.03.24,d,0.03333333333333333,10,59,40
21.02.24,c,1.2018193253694534,10,59,31
28.12.23,c,0.7374672052685096,15,22,30
31.01.24,a,0.8073801205367312,14,14,18
05.03.24,c,0.9118392514236557,10,20,41
06.12.23,e,0.7966156440126886,9,7,21
21.02.24,b,0.33357508071512004,9,31,6
31.01.24,d,1.1260278535118113,14,2,22
01.02.24,b,1.287533062291536,15,36,44
06.12.23,c,0.35362597273741525,8,9,1
05.01.24,a,0.7091973167965934,12,41,46
07.02.24,a,1.0318977445897368,16,35,47
09.01.24,c,0.33335837753782704,15,22,12
23.02.24,h,1.5954260024212228,16,11,45
23.01.24,a,0.03333333333333333,9,29,16
21.02.24,h,0.9225736491837604,18,32,0
25.01.24,a,0.7140675807772141,11,12,24
26.01.24,a,1.435940356553905,14,59,29
29.12.23,d,0.7606750783644782,13,45,24
29.12.23,a,1.5012134337492176,11,32,27
15.02.24,c,0.9539012798416515,14,49,34
05.01.24,c,1.631284591110182,13,47,54
29.01.24,c,1.263910476207056,15,7,16
02.02.24,a,1.1566965011295134,13,55,33
04.02.24,b,0.2576214532020318,18,20,1
11.01.24,b,1.7562832077956883,20,23,47
23.02.24,b,1.5203036275883832,12,33,28
05.03.24,c,1.5668732037269637,9,11,11
25.12.23,c,0.5917059747306759,13,44,1
26.01.24,b,1.328879907560086,14,32,7
08.01.24,c,0.5434416876995749,10,21,11
12.02.24,d,0.14974821944325456,12,29,33
06.12.23,b,0.6604457941716975,11,23,59
28.02.24,d,1.021559386692374,11,47,44
28.12.23,d,2.0461668734645277,10,17,21
09.02.24,e,0.47528215827297465,13,48,44
08.01.24,c,1.5563401774920127,10,6,24
22.01.24,c,1.4061487780663366,12,27,40
21.02.24,d,1.4739864203725395,9,22,10
29.12.23,a,1.4907500033134535,10,39,43
21.02.24,c,0.9406270101379653,8,24,51
20.12.23,e,0.3840618621003726,11,59,33
21.02.24,a,0.6306384829001886,5,28,24
23.01.24,a,0.03333333333333333,11,26,31
21.02.24,c,0.418176042481491,9,46,23
25.01.24,a,0.7199865940351123,13,22,42
04.01.24,c,1.2185476674239906,17,12,12
06.02.24,a,0.590348701970005,11,23,13
31.01.24,b,0.907907829673461,9,59,41
18.02.24,b,1.2217598395749574,17,59,15
05.03.24,a,0.7083057027417826,14,42,59
03.01.24,b,0.578868785022158,11,59,59
06.12.23,c,0.7254012520061338,18,32,31
05.02.24,b,1.515452970536483,8,38,0
18.01.24,a,1.5564216777567172,11,33,39
07.02.24,d,1.0860737582219318,21,4,12
17.01.24,b,0.45909820133382473,9,44,30
09.02.24,b,0.4701760431789708,13,26,27
11.01.24,a,1.4016019233143828,8,36,47
23.01.24,a,0.03333333333333333,14,12,35
11.01.24,d,0.7219074311362171,10,22,31
14.01.24,b,0.1763056049424927,11,39,41
21.02.24,c,0.08871290032010093,20,8,31
25.01.24,c,0.8706148110436894,10,25,58
08.01.24,b,1.202542233997714,14,48,15
18.01.24,d,0.8974691979816876,10,59,37
14.02.24,b,0.03333333333333333,7,28,35
16.01.24,c,1.127912937666903,13,51,19
29.01.24,b,0.03333333333333333,15,43,11
23.01.24,b,0.7455764663575362,9,48,43
31.01.24,a,0.7850355820985878,12,20,29
29.01.24,b,1.507027712175383,10,48,53
21.02.24,b,0.6301104645807218,15,0,39
29.01.24,b,0.9220602126932691,11,30,29
04.01.24,c,0.03333333333333333,9,47,39
14.12.23,b,1.1092590511303013,15,29,28
19.02.24,c,0.5543414831792894,15,11,6
26.01.24,a,1.0305629260292108,15,25,12
06.02.24,c,2.1631296805786606,15,13,5
14.02.24,c,0.400981513506024,14,21,23
25.01.24,e,0.8470396198011809,14,42,24
05.02.24,a,1.131043345258964,13,41,28
01.03.24,a,2.3412553083585648,13,0,21
01.03.24,a,0.03333333333333333,10,24,4
26.01.24,b,1.2155296640625526,10,30,14
28.02.24,h,0.33369224425471966,14,11,38
23.01.24,a,0.9780226839510654,5,43,45
18.02.24,c,0.3727356485818731,16,28,44
25.01.24,a,0.5643511165027194,5,40,28
23.01.24,c,0.7031956975401666,10,27,26
21.02.24,c,0.5068621119220357,13,21,53
19.02.24,b,0.03333333333333333,9,52,32
05.02.24,c,0.9079861258616964,15,19,5
02.02.24,h,0.8589424722732337,15,18,39
13.02.24,b,0.766209516412063,11,52,16
10.01.24,b,0.7009283301745194,12,52,24
12.02.24,c,0.03333333333333333,9,37,16
31.01.24,a,1.257287138980911,6,31,29
18.12.23,c,1.4249647206994047,11,59,40
03.01.24,c,1.2615225590321877,9,18,25
23.01.24,a,0.6795904195667435,14,43,0
10.02.24,a,0.5136295956888582,10,32,48
03.01.24,c,0.5250166528072775,15,11,26
26.01.24,a,1.1758002678590112,15,39,38
17.01.24,a,1.162699658239896,14,21,5
04.01.24,b,0.4596516821121378,11,29,42
18.01.24,b,1.286097813444067,16,19,48
10.01.24,c,0.6310250606926988,10,32,18
26.01.24,c,0.03333333333333333,6,37,33
23.02.24,c,0.6932269539265639,15,26,35
17.01.24,b,1.1107921799344929,12,23,59
06.12.23,c,1.6627637092365237,21,38,24
28.02.24,a,0.3404333646093083,19,59,22
05.03.24,b,0.4356836798951872,8,59,29
10.02.24,h,0.9641837453583862,15,30,9
28.02.24,a,0.0682988585701454,15,59,35
09.02.24,c,1.5095181362055214,16,20,0
28.12.23,b,0.7844034825419558,14,45,38
23.01.24,c,0.9220319837475517,11,0,7
08.01.24,c,0.9709906195147759,17,12,25
07.12.23,a,0.491821827657858,12,34,57
10.01.24,a,0.12441826773975084,12,24,25
23.02.24,a,0.8893088364436381,12,24,15
14.02.24,c,0.2650416112635412,15,35,30
26.01.24,b,1.2257784900964834,12,31,58
25.01.24,b,0.34182773796089644,9,40,39
06.12.23,b,1.712455941559104,16,43,12
05.01.24,c,0.3616535272032919,19,38,59
01.02.24,c,0.28010501655916864,15,15,48
17.01.24,a,0.2625193354229792,8,57,20
22.12.23,a,0.9234056658339392,12,26,52
05.02.24,c,1.1165087806793292,17,5,34
19.12.23,c,0.669668051685127,10,16,37
31.01.24,d,0.6986996734827999,18,12,47
17.01.24,d,2.3604501104774833,12,21,50
11.01.24,c,0.9775386246158819,11,0,13
23.01.24,b,0.03333333333333333,17,54,55
14.01.24,c,0.3842224408864645,10,24,15
19.12.23,c,1.354394227856453,7,40,0
15.12.23,c,0.22049044217925717,15,34,27
29.01.24,b,0.6061910458866636,10,38,39
19.01.24,b,1.244432711744689,10,59,30
09.01.24,b,0.9940386649304953,10,0,11
28.02.24,b,1.0931288412116869,9,27,56
23.02.24,c,0.9793958397546281,16,13,23
29.12.23,c,0.982770123210338,8,30,28
31.01.24,b,0.7544381354111107,11,43,21
03.01.24,b,0.8182634334114985,12,6,16
14.12.23,c,0.3295535068720351,13,16,13
05.03.24,c,2.0606235736920664,9,15,35
23.02.24,d,1.3253187871850585,14,24,27
16.01.24,c,1.0439625424427026,15,8,0
06.12.23,b,0.8944602028068827,13,45,32
11.01.24,e,0.3904876194585182,10,9,38
06.12.23,e,0.9313299450220203,14,27,51
26.01.24,b,1.181694469131306,10,52,46
05.01.24,a,0.5864577152554771,14,25,54
25.01.24,c,1.562212979039464,12,32,30
06.12.23,b,1.597839852906035,16,23,27
25.01.24,c,0.03333333333333333,15,30,19
18.01.24,c,0.6155251336835547,15,36,0
29.12.23,b,1.7030793933593256,16,17,0
12.02.24,h,0.9687195795482149,19,33,59
17.01.24,c,1.163088896117336,8,24,58
20.01.24,c,0.6439342507584243,9,6,49
25.01.24,a,1.0214038162721857,15,13,26
21.02.24,b,0.03333333333333333,7,55,26
08.01.24,c,0.922103551065951,9,29,12
26.01.24,c,1.7993405585431865,11,15,56
09.02.24,c,0.9317852976814781,15,45,38
05.03.24,b,0.03333333333333333,11,43,37
05.01.24,d,0.03333333333333333,11,18,31
24.02.24,c,1.125947007842746,10,21,23
17.01.24,b,0.40486156364628334,14,55,39
21.02.24,b,1.7418419947471682,14,27,19
06.12.23,h,1.7404335508066027,10,49,22
19.02.24,b,1.0261984125819954,11,10,5
18.01.24,b,0.03333333333333333,19,28,21
25.01.24,e,0.03333333333333333,16,24,10
11.01.24,c,0.4218679180353134,7,13,11
01.02.24,b,1.140626527947186,8,39,27
29.12.23,c,0.3588869678214175,7,38,47
05.03.24,a,1.1430533199926907,6,50,43
16.02.24,c,1.1908472518932784,5,13,13
25.01.24,c,0.8655939532825921,12,19,16
04.01.24,c,0.5494147097569052,6,54,44
11.01.24,a,0.7428029096898443,13,34,6
18.01.24,a,1.1161659695516157,11,17,11
06.12.23,a,0.03702648544412235,9,32,33
05.03.24,c,0.4504393249284173,6,37,54
31.01.24,c,0.10593449415471368,10,33,35
05.03.24,a,0.03333333333333333,14,45,42
11.01.24,c,0.46129225176563093,14,33,30
03.01.24,c,0.04417143647125277,12,38,16
12.02.24,a,0.7933503691441421,14,26,5
24.12.23,a,1.5413565728840632,12,22,32
17.01.24,b,1.3986302941051418,11,42,55
07.01.24,b,0.2288252929535508,9,45,15
19.02.24,a,0.28217824516684903,17,28,30
14.01.24,b,2.0370398351123793,9,0,14
05.03.24,c,0.03333333333333333,6,59,54
12.12.23,c,0.4270896205491607,14,31,59
31.01.24,c,0.4043915899303556,13,15,33
22.01.24,a,0.561129312629016,5,52,21
29.12.23,b,1.542380212094768,8,31,38
31.01.24,b,1.2265075930177154,10,24,59
19.01.24,b,1.031689162918087,7,59,36
17.01.24,c,0.9019690362340657,14,26,45
01.03.24,b,1.3700696337202656,8,40,51
26.01.24,b,0.769414347531757,16,37,22
29.01.24,a,1.2635749567533752,9,33,49
03.01.24,c,0.03333333333333333,14,25,52
05.03.24,c,1.1287892276593519,14,53,47
24.12.23,c,0.27227534353435634,9,29,33
13.12.23,c,0.40261383203502055,10,15,31
18.01.24,d,0.7788275180359998,7,45,36
17.01.24,b,0.4509803745324528,9,35,26
17.01.24,b,0.7080969343498129,8,39,40
06.12.23,c,0.03333333333333333,8,40,13
29.01.24,c,0.8014051018238164,12,38,25
25.01.24,b,1.0040718545416025,14,46,13
11.01.24,b,1.29915687874621,21,36,32
25.01.24,b,1.4431699201251207,6,17,35
21.02.24,c,0.412463062727614,8,0,41
23.01.24,c,1.2484162844179645,8,17,47
31.01.24,c,0.8174716556504428,10,34,31
02.02.24,a,0.03333333333333333,16,46,30
15.12.23,h,0.9904322177117381,16,33,48
26.01.24,c,0.17777417111353744,10,22,25
12.02.24,c,0.6056640694883354,10,54,19
21.02.24,a,0.03333333333333333,11,58,16
15.02.24,a,0.4722570701693842,11,37,30
16.02.24,a,1.9729304589220684,15,32,29
22.02.24,c,0.38560047969836697,15,15,31
21.02.24,d,2.0746157228233226,18,0,34
05.01.24,c,1.034673349501222,9,54,31
21.02.24,b,1.0159390075632357,14,59,23
05.03.24,a,1.3424013526137126,11,17,29
22.02.24,a,0.03333333333333333,11,40,37
18.01.24,b,0.6450475459650511,16,45,34
09.01.24,b,0.03333333333333333,7,47,26
09.01.24,c,1.7306598199180605,8,48,27
06.12.23,c,0.5889216269888053,12,34,44
01.03.24,c,0.03333333333333333,12,37,36
10.02.24,c,0.6699381443314315,14,25,22
21.02.24,c,0.7653266180429643,14,45,42
09.02.24,c,0.03333333333333333,12,34,29
02.03.24,c,1.2165232758035076,9,59,28
14.02.24,a,0.7116415884082886,16,22,34
29.12.23,a,0.5149153329221663,8,28,0
21.02.24,a,0.7276304539868856,9,16,21
06.02.24,b,0.03333333333333333,22,37,47
23.02.24,c,1.0965055472137286,9,23,11
20.01.24,b,0.08310248791775532,6,28,38
06.12.23,h,1.6134781693575904,12,17,53
04.02.24,b,1.3412147772682368,5,31,27
04.01.24,b,1.4945166440972584,5,37,38
23.01.24,c,0.12161066530162667,13,0,45
31.01.24,c,0.815629788822317,13,54,32
31.01.24,a,0.5890325965515724,8,49,13
06.12.23,b,0.20446182602993235,18,37,5
31.01.24,a,1.2839438764109818,10,12,32
15.02.24,c,1.5361054019462541,15,46,31
26.01.24,a,0.4145026464634364,8,26,0
29.01.24,a,0.03333333333333333,11,38,34
25.01.24,b,0.6546893672912065,10,9,0
08.01.24,h,0.37846668501111375,13,45,17
29.01.24,c,0.03333333333333333,6,42,41
14.01.24,b,0.6764686909646707,17,19,9
27.02.24,b,0.9465026124509115,5,21,54
19.01.24,a,0.03333333333333333,15,10,32
17.01.24,a,0.9118040874614983,12,13,22
12.12.23,b,1.6741204580490043,5,15,23
11.01.24,a,0.9366875637578542,15,13,34
25.01.24,b,0.03738120854415661,12,25,25
04.02.24,c,0.10858068475069849,12,22,58
19.02.24,b,1.13552264254585,11,7,38
18.01.24,b,0.2652307385645255,16,38,26
06.12.23,b,0.03333333333333333,5,39,28
08.12.23,a,0.18557627284062994,10,29,55
24.12.23,a,0.03333333333333333,13,2,57
07.02.24,b,0.8427702599701186,13,39,46
19.01.24,b,0.6344074151624184,13,28,22
19.02.24,b,1.5899882328207324,6,53,16
19.12.23,b,1.5128952945607734,15,51,2
10.02.24,c,0.4809331306065786,18,0,39
26.01.24,c,0.05456129565582257,15,23,47
19.02.24,b,1.0084735194216001,14,10,53
05.01.24,c,1.2706742074283874,10,14,33
18.01.24,a,0.6038982903612597,16,11,41
19.02.24,c,1.036607287500504,11,24,41
06.12.23,b,1.3661648149277719,16,59,55
15.01.24,h,1.4469960829392483,12,55,47
25.01.24,e,1.2705148728668676,13,55,13
15.01.24,b,1.4309591212067603,15,22,43
31.01.24,b,1.0278983087310862,17,5,45
18.01.24,c,0.03333333333333333,12,26,44
05.03.24,d,0.7208502721642909,8,46,10
31.01.24,c,0.1301735624161383,11,14,41
06.12.23,c,1.5056370168408917,12,32,16
10.01.24,c,1.0593397404038334,5,37,38
19.02.24,b,1.2675619623451824,14,27,33
21.02.24,b,0.3309821100878632,14,25,24
19.02.24,c,1.1360533303266935,10,22,39
29.01.24,c,1.1311315064155198,14,27,17
25.01.24,b,1.5175065992035344,12,21,17
26.01.24,e,0.38546467344505875,15,40,37
26.12.23,e,0.03333333333333333,14,5,22
13.02.24,c,0.3139748399113053,14,56,59
13.12.23,b,1.1943409399361538,16,14,11
09.02.24,a,0.08205454137413815,8,22,15
05.03.24,b,0.48231604186719607,18,44,7
25.01.24,d,1.4718574318871123,13,36,23
20.12.23,a,0.8650173214630497,12,37,44
18.12.23,d,1.8768103943376007,12,43,59
17.01.24,b,0.19574288538534823,5,45,16
08.01.24,b,1.1789068294089717,13,8,21
12.12.23,c,0.6307809860520137,8,14,54
29.01.24,b,1.0053191210851367,13,35,9
21.02.24,c,0.03333333333333333,7,44,59
12.02.24,h,0.5789978796087186,12,52,20
04.03.24,c,0.47259851434045924,15,54,30
18.01.24,c,0.9553179472291207,14,29,59
25.01.24,d,1.3195341405439214,11,8,47
17.01.24,a,0.03333333333333333,5,59,30
10.01.24,c,0.7448515421851739,16,54,47
12.12.23,c,1.652461124995391,12,32,0
23.01.24,h,0.8483152933996296,17,27,23
29.12.23,b,1.4879255681270742,8,33,33
06.12.23,a,0.2790141598188317,14,41,59
09.01.24,b,1.271729061867695,15,26,42
11.01.24,b,0.40302781652624203,12,46,33
06.12.23,b,2.0619919945322294,10,15,17
07.12.23,c,0.6316049163563737,13,59,24
29.01.24,b,0.03333333333333333,17,28,5
05.03.24,b,0.9691033046577621,13,21,20
14.01.24,c,0.15883648604336043,18,37,26
26.01.24,b,0.03333333333333333,16,27,59
26.01.24,c,0.1349616041260916,11,47,8
04.03.24,a,0.8598568568787871,12,43,21
01.03.24,d,1.5797335690143628,14,39,32
25.01.24,c,1.497031192345199,16,16,18
05.03.24,c,1.5099020975874726,11,36,42
07.01.24,b,1.5796746267530644,10,0,58
15.02.24,c,0.4266383180332691,10,38,31
12.12.23,h,0.8147057759458525,6,59,25
01.03.24,c,2.0507395342398054,11,38,12
29.01.24,d,1.0551150397262075,10,17,23
23.01.24,c,0.07985541423086606,8,59,34
10.01.24,d,1.010034843903329,6,58,15
25.01.24,c,0.4036886647181927,13,14,29
07.12.23,a,0.7593209559965666,14,18,25
04.01.24,e,0.03333333333333333,17,23,44
18.01.24,c,0.6200952162387123,11,20,25
21.02.24,d,0.7574520687837194,5,53,19
06.12.23,d,0.03333333333333333,11,8,42
08.01.24,a,1.2502559449793167,16,13,6
08.01.24,c,0.03333333333333333,5,0,59
14.02.24,c,1.16928340494494,13,32,12
07.02.24,c,1.009091029140548,5,39,50
25.01.24,c,0.5510934715927663,12,27,25
05.03.24,a,0.29236436705509583,11,24,20
25.01.24,a,0.473413552080942,15,14,33
19.02.24,d,0.6587853191370586,8,24,18
13.02.24,c,0.03333333333333333,9,59,29
12.02.24,h,1.3611021515944195,11,38,15
23.01.24,c,0.03333333333333333,9,34,30
20.12.23,d,0.1685346448054006,12,24,23
22.12.23,c,0.44133120005963145,10,49,0
09.02.24,c,0.14876260359886162,14,29,57
12.02.24,h,1.31084627221725,14,9,20
05.01.24,a,0.36238614213201636,13,19,16
20.01.24,b,0.03333333333333333,13,30,29
24.12.23,c,1.259592964409197,13,17,17
31.01.24,b,0.9471760257784484,17,0,27
30.12.23,c,1.9454723247566172,14,46,56
11.01.24,a,0.5967560671390444,9,42,10
10.01.24,a,0.9916806319059267,14,48,26
08.01.24,a,2.0259116592419266,16,23,25
31.01.24,c,0.03333333333333333,17,56,20
04.02.24,c,1.3022197887945908,18,35,59
05.03.24,h,0.03333333333333333,10,43,25
25.01.24,c,1.4046677881420309,14,24,30
17.12.23,c,1.3392827940990426,12,28,23
21.02.24,b,0.42308970306210547,12,31,27
10.01.24,c,0.6375294268552595,10,32,55
21.02.24,b,0.6604678387335585,11,11,59
08.01.24,c,0.3834261819985718,14,45,42
06.12.23,a,0.8545412660389277,15,10,31
05.03.24,b,0.9545718301027826,14,41,53
09.12.23,b,0.16360874129100478,13,43,34
25.01.24,d,1.409731756828208,17,15,38
20.02.24,a,0.17057614879708594,16,20,9
08.01.24,b,0.8063296466357287,15,5,15
17.02.24,c,0.801595221377198,13,17,0
21.02.24,a,1.2030501941536171,12,25,59
22.02.24,c,0.03333333333333333,19,25,32
05.03.24,c,0.03333333333333333,13,34,20
21.02.24,a,0.03333333333333333,9,16,18
19.02.24,d,0.21798195687574928,12,24,8
30.12.23,b,0.41938678779165933,9,33,29
23.01.24,c,0.20840536325476722,10,30,0
05.03.24,b,0.7046429407590089,9,9,11
11.01.24,b,0.4335434542434796,6,49,35
15.12.23,b,0.5800665000548864,13,51,24
14.01.24,b,0.8091770139200956,9,33,5
13.12.23,b,0.2455118238788696,14,42,18
06.12.23,b,0.21267742928904076,11,55,28
16.02.24,c,0.8901041494314437,14,31,47
31.01.24,e,0.6131904450023107,10,35,34
03.01.24,c,0.3955149212982261,13,41,9
20.01.24,a,0.5354030432043753,13,31,59
25.01.24,c,0.3738116833600578,14,16,1
05.03.24,b,1.1368500695044605,8,25,46
14.02.24,c,0.03333333333333333,18,52,30
02.02.24,b,0.23695552420034516,9,37,18
23.02.24,b,1.5672553125101965,12,30,24
08.01.24,b,0.7829151966060167,8,15,16
26.01.24,c,0.7332999678820582,5,19,44
09.12.23,a,0.7109952063745315,17,45,40
18.01.24,b,0.47002047576029155,9,44,32
06.12.23,a,1.2243912018338812,16,4,35
23.01.24,b,1.016172916858758,13,21,39
11.01.24,b,1.1299846062714962,15,7,7
26.01.24,b,0.272737017995282,13,37,44
23.01.24,a,0.6993545601394414,17,0,24
20.01.24,b,0.03333333333333333,12,59,17
08.01.24,a,1.0088350786721705,18,25,24
09.02.24,b,0.974834823241725,12,26,0
12.01.24,b,0.7813563724275662,14,38,31
10.02.24,h,1.3618245926941777,12,16,53
21.02.24,b,0.5552051000823822,8,37,17
29.01.24,b,1.5560008060588468,15,5,12
20.12.23,c,2.0724397670324852,9,32,28
01.03.24,a,1.8772621713470359,16,55,5
12.12.23,b,0.4279221423019744,16,37,59
07.02.24,a,0.9824283929642617,19,31,4
26.01.24,b,1.0795738564764608,12,17,26
13.12.23,c,0.8903666346460168,13,40,45
04.01.24,b,0.8291875675880784,10,7,40
29.01.24,d,0.651255170133753,12,15,32
03.01.24,a,0.8561722211231964,12,5,39
23.01.24,c,0.12469658139709228,13,59,22
23.01.24,c,0.7607887006482815,10,24,29
05.01.24,c,0.9865794227742509,13,0,6
10.02.24,b,0.7517998840516942,5,59,33
22.01.24,c,0.03333333333333333,14,49,0
10.01.24,c,0.8749480387194,14,38,22
22.01.24,e,1.4702398846104887,9,39,43
05.01.24,c,1.2792648521695358,13,30,59
19.02.24,b,0.4920543774728258,18,34,33
07.01.24,a,0.6719259144639645,9,31,42
02.03.24,a,0.5003249814169497,15,46,26
12.02.24,b,0.5442040969903855,13,19,59
09.02.24,b,1.7536026019841895,12,4,26
25.01.24,a,0.5598546834460296,11,50,55
04.01.24,e,1.295400045812274,11,42,38
13.01.24,a,1.3142502193435606,12,6,45
11.01.24,b,0.7808670399183218,12,32,0
26.12.23,c,0.4228202350074646,16,46,51
21.02.24,c,1.024510328881312,17,19,47
11.01.24,b,0.03333333333333333,10,59,40
18.01.24,b,0.9629045146464562,10,54,53
31.01.24,e,0.03333333333333333,8,22,12
23.02.24,d,1.6015725603069095,15,37,6
20.01.24,b,1.0227182788225553,6,44,20
23.01.24,h,0.23774512731576425,9,48,38
14.02.24,b,1.3049210578019759,10,25,28
22.02.24,a,1.2904275579867361,8,25,15
21.02.24,d,1.0612703086521247,11,32,57
14.01.24,c,1.4076437430723705,10,32,29
22.01.24,c,0.129885191171086,10,22,28
26.01.24,b,0.7573606961280956,9,34,55
28.02.24,c,0.03333333333333333,12,52,0
19.02.24,b,0.23285354203345832,13,19,4
26.01.24,c,0.09317113981094438,16,44,44
29.12.23,b,1.424074987717424,9,31,22
06.02.24,c,1.3193255863189401,12,10,22
03.01.24,a,0.3071310909392245,15,47,27
21.02.24,a,0.12143436425723153,22,30,31
31.01.24,e,0.4798320031317635,13,33,0
23.01.24,c,1.7787393552761008,11,11,23
31.01.24,b,1.4056571989453408,12,45,8
15.12.23,a,1.3715785131856142,9,23,23
20.12.23,a,2.0202890411796774,14,26,39
23.01.24,e,0.7077343017180594,10,19,20
29.12.23,c,0.3637744540210492,14,19,0
25.01.24,c,0.5855513493434392,12,40,16
09.12.23,c,0.9673004221747372,14,32,20
17.01.24,c,1.3616707735207672,13,28,9
16.02.24,c,0.5384088128658884,8,34,15
29.01.24,c,1.1110662953423718,13,28,13
16.02.24,c,0.7481327839985414,13,35,43
05.02.24,c,1.2892012512046689,8,50,5
19.02.24,c,0.546212036479072,5,11,25
16.02.24,b,1.8887938268040143,8,33,46
25.01.24,c,1.2073022115341967,13,44,23
29.01.24,b,0.8113979278611319,13,39,0
13.02.24,c,0.4655375817266358,15,0,8
17.02.24,b,0.4601058130371187,15,43,24
25.01.24,c,0.7339580383823768,10,41,10
09.02.24,c,1.2107961523103945,10,50,57
22.02.24,a,0.8236654848849464,11,59,26
11.01.24,c,1.9963197700496158,10,33,39
12.02.24,c,0.8441563392222963,15,43,39
01.02.24,c,0.03333333333333333,13,46,19
13.01.24,e,0.8342729370045985,16,14,42
21.02.24,e,0.03333333333333333,16,59,56
31.01.24,c,1.0342147978523581,11,41,20
05.03.24,d,1.2575570167934838,10,25,28
21.02.24,b,0.6668506657439682,8,35,20
09.02.24,c,0.13779406789038307,11,3,24
14.02.24,a,1.423501849914996,11,25,31
12.01.24,c,0.1627493659607494,10,32,39
06.12.23,d,1.977088080079589,14,17,33
28.12.23,h,1.5565998981278515,9,48,33
11.01.24,b,0.5113276528079602,13,36,27
31.01.24,b,0.5605883117525243,14,28,19
09.02.24,b,1.1059158458798926,13,38,35
11.01.24,c,0.9905299533768723,11,5,34
01.02.24,h,0.629595492472499,15,5,31
08.01.24,a,0.611050501603988,9,20,25
11.01.24,f,1.5905842603906097,9,53,0
09.01.24,b,1.454371403979751,10,18,41
25.01.24,a,1.0517599032614788,15,52,52
11.01.24,a,1.0306647581993356,13,13,41
31.01.24,a,1.261719441235252,13,21,27
19.02.24,e,1.3037603157421758,8,36,32
11.01.24,c,1.2001240786129421,10,50,21
29.12.23,c,0.5105903794161805,15,8,38
19.02.24,a,1.1143073628643854,16,21,28
09.02.24,h,0.5896469802207895,7,40,26
20.02.24,a,0.5200175653320754,12,27,59
25.01.24,d,0.03333333333333333,7,28,30
18.01.24,c,0.1814065776769932,8,53,30
05.03.24,a,0.10861741102902978,12,47,33
05.03.24,e,0.20034858469139927,16,37,43
12.01.24,b,1.1288242931774504,11,19,12
20.12.23,a,1.0523228905830095,8,30,17
19.02.24,e,0.4232669765584197,15,26,14
31.01.24,c,1.7117461148667212,14,29,48
20.12.23,c,0.7676494980947175,20,0,53
23.01.24,b,0.24243124367329427,15,15,3
16.01.24,c,0.39196859066272144,22,20,54
25.01.24,d,0.8487194843417836,6,31,11
19.02.24,b,0.855497550975853,16,17,48
25.01.24,c,1.7614533831877481,14,12,17
26.01.24,a,1.1217797543069066,14,24,48
16.02.24,c,0.7461886606514855,15,30,37
13.12.23,a,0.9242941563446049,21,26,29
05.03.24,b,1.0121256385986241,16,30,15
18.01.24,b,1.4087621962378867,11,16,24
19.12.23,b,1.3309001876701703,10,43,1
04.02.24,c,0.4487340135166836,9,49,11
23.01.24,a,0.5884698209062013,10,23,32
23.02.24,a,0.2528518678455901,7,59,32
28.12.23,e,0.6080631446707265,8,59,30
05.01.24,a,1.6043533847314242,11,0,18
20.12.23,c,1.4482355394450814,15,34,0
09.02.24,a,0.2791580216492191,9,17,15
19.02.24,a,0.03333333333333333,11,31,59
09.02.24,b,0.6800041732502139,5,42,52
29.02.24,c,1.7149602714929921,15,19,59
05.03.24,b,0.3251423070615462,6,47,55
21.02.24,a,0.774648988620129,9,38,56
03.01.24,a,0.7234527805177303,7,59,31
11.01.24,a,0.03333333333333333,9,35,43
19.02.24,b,1.276826262599843,8,42,28
12.01.24,h,1.665109870182266,14,13,0
29.12.23,a,0.47619075688865425,15,24,28
20.01.24,a,0.03333333333333333,8,43,51
26.01.24,c,1.5931017340960336,13,22,1
31.01.24,a,1.3852663230639521,17,8,21
10.01.24,a,0.8076748372514638,12,58,44
28.12.23,a,1.7127960020190742,16,34,23
09.12.23,a,1.4483797745570794,10,27,48
21.02.24,d,1.6031282811473178,21,22,20
14.02.24,e,0.03333333333333333,16,27,56
19.02.24,d,0.5971437438476914,20,16,12
19.02.24,h,0.03333333333333333,12,31,4
02.02.24,a,0.4475206593140864,12,53,30
07.02.24,c,0.03333333333333333,14,23,40
23.01.24,b,1.5317141779488643,15,50,33
09.02.24,a,0.7446435707221711,8,20,30
18.01.24,c,1.573732215000606,16,32,47
17.02.24,a,0.8208472972032342,11,33,45
06.02.24,b,1.2050773659513565,20,40,33
29.01.24,d,0.7193864698820887,11,38,4
26.01.24,b,0.7506291485554437,11,24,22
25.01.24,a,0.23394883101351405,13,15,15
19.02.24,c,0.6974010352990696,8,37,6
12.12.23,b,1.3995827254743882,11,59,26
20.12.23,e,0.4754817942545616,13,28,2
10.01.24,c,0.8995286880661879,10,31,15
27.02.24,c,0.03333333333333333,14,12,41
09.01.24,c,0.12164956355539003,14,34,28
05.03.24,b,0.6133376293736605,14,16,27
09.02.24,a,0.1492339145459881,13,19,27
08.01.24,c,0.8297022214286195,7,27,14
19.12.23,d,0.38525112604655026,7,36,19
19.02.24,c,1.0434757439277398,11,20,34
27.12.23,a,2.2455682805552617,7,38,0
06.12.23,c,0.45638164247412016,14,28,14
16.01.24,c,0.7960870996463112,13,29,59
06.12.23,b,0.9787600212280847,17,21,13
23.01.24,b,0.2329268000132826,19,19,44
21.02.24,c,0.23429819602228585,19,57,38
06.12.23,a,0.8649098753149017,18,16,3
12.12.23,c,0.31537588673644046,9,52,22
06.12.23,d,1.9427286770952314,9,42,0
11.01.24,c,0.5196611329724705,11,16,44
14.01.24,b,1.1729455888417126,11,32,30
27.02.24,d,0.6331105707190849,13,26,1
13.01.24,a,0.6561693477178031,8,0,31
21.02.24,b,0.6536790078992325,9,21,42
22.02.24,a,0.6205577818953865,13,10,4
23.01.24,c,0.03333333333333333,8,29,39
18.01.24,c,0.9855382227355909,16,46,0
15.02.24,b,0.9150412277386399,7,11,44
06.12.23,h,0.5104032356126769,12,26,30
14.01.24,a,0.7852659207153228,16,7,41
20.01.24,b,1.4565905854863432,13,59,23
25.01.24,c,0.03333333333333333,13,31,2
22.12.23,e,1.0525890512263087,13,34,46
09.12.23,c,0.7015318647080335,16,34,51
12.01.24,b,1.5339127918288384,11,26,15
31.01.24,b,0.5128753120467162,8,35,55
06.02.24,b,0.5563580297749565,10,18,25
05.03.24,c,1.8670182494790648,8,15,57
05.01.24,b,1.1444326240612295,14,27,41
12.01.24,a,1.4751035091638907,15,39,23
23.01.24,a,0.13399801272030953,12,40,0
23.02.24,b,0.20181794632047234,21,2,43
06.12.23,c,0.7347583500125066,12,21,30
22.01.24,a,0.2214558829378186,13,47,35
29.01.24,a,1.219312474563692,10,41,7
24.02.24,b,0.8733967012752013,12,19,59
21.02.24,c,0.8305249478681338,12,50,0
18.01.24,a,0.8067002635054049,16,43,19
31.01.24,d,2.188130493911277,9,20,39
23.01.24,c,0.48521594977862464,20,29,28
25.01.24,c,0.3590398025449375,6,52,24
12.01.24,c,0.54276466763042,16,59,32
06.12.23,a,0.82645150291222,9,31,49
19.01.24,d,1.035530155913993,10,43,26
14.01.24,c,0.5398514049723221,11,14,44
08.01.24,a,0.15202820316192311,14,30,39
07.01.24,c,1.3313098795055875,13,41,21
16.02.24,a,1.3166618514932642,12,30,20
23.01.24,h,0.9887109854529007,8,5,2
08.01.24,b,0.6143527339654098,15,2,26
03.01.24,d,0.4658812635777178,13,38,53
03.01.24,d,0.3819892758903124,5,40,38
05.01.24,c,0.31064526012661586,12,19,16
31.01.24,c,0.9495831111957926,10,34,24
09.01.24,d,1.3086326021897072,10,29,13
16.02.24,b,0.5762958675765841,9,45,12
21.02.24,a,0.03333333333333333,11,39,51
12.12.23,c,1.6559299843540134,7,49,26
21.02.24,c,1.2257727920152588,12,59,23
29.12.23,a,0.03333333333333333,15,59,40
12.12.23,c,0.8703606768139577,11,20,5
11.12.23,a,0.03333333333333333,14,37,41
31.01.24,c,1.5506355202592321,15,36,7
11.01.24,a,0.40645773791566736,14,33,22
25.01.24,c,1.5527445609916528,13,0,0
17.12.23,a,1.5893120866013848,13,45,31
09.02.24,b,0.39563650892646796,12,42,8
23.02.24,a,0.6816761069351585,16,54,57
19.02.24,c,0.03333333333333333,9,6,25
29.12.23,c,1.3207922633683018,12,7,35
12.01.24,c,1.1412933485203418,21,18,32
25.01.24,c,0.48510145618203904,12,25,45
04.02.24,b,0.9339957246254292,14,31,9
17.01.24,b,1.1501419419358707,12,39,33
10.01.24,a,0.45728536286945143,10,6,13
12.12.23,c,1.3971396071550917,9,33,49
17.01.24,b,0.9977410828903699,19,24,37
02.02.24,c,0.5613144853047974,13,27,54
23.01.24,c,0.9623541389091832,11,29,34
12.01.24,c,1.9004936157738088,14,12,27
31.01.24,c,0.7518779750439939,10,30,10
31.01.24,a,0.35185302181642,14,7,20
27.12.23,a,1.5921253821920858,8,15,57
05.01.24,a,0.03333333333333333,7,36,29
19.02.24,b,1.3233949344359566,8,0,48
10.02.24,a,1.3726323813896757,9,38,33
11.01.24,b,0.5682972202126797,14,33,59
26.01.24,c,0.03333333333333333,9,21,38
11.01.24,b,0.33401281085922235,16,51,36
05.03.24,c,0.7586028518623948,15,50,11
16.02.24,c,1.3593122050014432,11,37,59
23.01.24,a,0.9349740114483127,15,47,25
26.01.24,a,0.6923343592377476,14,37,48
03.01.24,d,0.866630717895212,11,56,40
31.01.24,b,0.9206488209142325,11,20,37
26.01.24,b,0.8285168382606383,9,23,59
24.02.24,c,1.4972612402496133,10,37,20
05.01.24,b,0.6240742652721176,14,14,6
22.01.24,b,0.16201113474309514,13,47,35
05.03.24,a,0.6084658966227782,13,31,51
04.01.24,a,0.5531129353375246,9,14,9
10.01.24,b,0.40371795488790013,9,58,15
04.03.24,b,0.8551900063811436,6,0,32
19.02.24,b,1.2764779580468557,15,22,53
04.01.24,c,1.3039933203916276,11,8,21
22.02.24,c,0.17311328922259828,12,42,30
29.12.23,c,0.48124816148597543,8,29,46
09.02.24,b,1.0927286517609756,8,44,13
05.01.24,b,1.04404112674178,6,35,24
26.01.24,c,1.1672677772315547,6,16,39
03.01.24,d,0.8942943363805081,12,48,59
25.01.24,c,1.158008088553726,11,55,0
17.01.24,a,0.1925700202464301,11,1,32
08.12.23,a,0.03333333333333333,10,56,42
29.02.24,a,0.03333333333333333,15,59,21
04.02.24,b,1.724622217985954,19,18,10
09.12.23,d,0.03333333333333333,12,41,10
07.02.24,b,0.03333333333333333,13,34,34
17.01.24,h,1.317569325520259,9,25,29
05.01.24,h,1.1725587955375483,18,46,9
12.02.24,c,0.34696923461706003,13,45,21
05.03.24,c,1.2979015826000744,10,42,55
29.12.23,d,1.1921051396869293,12,10,57
31.01.24,e,1.1736982994517036,14,30,34
20.12.23,a,0.03333333333333333,10,59,5
20.01.24,b,0.7768188689072888,8,30,30
18.01.24,b,0.42814440427968586,15,32,59
06.02.24,a,0.7451293784323134,8,34,24
11.01.24,b,0.2893860928711087,15,17,30
20.02.24,a,1.2802988967639686,15,43,57
13.02.24,a,1.4339882622307096,14,20,6
11.01.24,c,0.6808353110666868,9,41,24
11.01.24,c,0.863235511076337,14,35,45
31.01.24,c,0.04600212734081066,13,31,10
25.01.24,c,1.3429351846499524,9,59,36
16.02.24,c,1.0264013898514723,13,55,0
31.01.24,a,0.5383589449697633,5,0,11
29.12.23,e,0.2987359095295486,13,15,33
06.12.23,c,1.202424827350871,12,24,43
11.01.24,c,0.03333333333333333,9,36,0
04.03.24,c,2.217894765816148,13,15,14
07.02.24,c,0.5849073818241819,9,35,24
19.02.24,b,0.9957643380728486,14,15,20
05.03.24,e,0.35929881266061864,10,46,12
11.12.23,c,0.03333333333333333,8,25,4
13.02.24,b,0.07305292793613627,16,12,47
26.01.24,d,0.9829607527513304,13,32,11
05.03.24,d,0.203073416851702,17,35,37
11.01.24,a,1.4316222574498116,10,59,19
08.01.24,a,0.7440392543723645,10,53,14
07.02.24,b,0.6705379618146516,9,59,48
23.02.24,b,0.31187702066416206,11,54,44
28.12.23,c,1.2155534704701325,8,30,33
18.01.24,c,2.1053061806829576,11,35,57
18.01.24,b,0.3861950876475259,11,52,41
07.01.24,a,0.7329463593304847,14,46,30
08.12.23,b,0.3483192806384152,6,28,17
28.12.23,b,0.6885634807291067,13,36,14
01.03.24,a,1.1020770813222502,10,21,31
31.01.24,a,0.8823716220347368,14,2,39
16.02.24,a,0.10192989817313769,15,40,44
24.02.24,e,0.31017080097541905,14,23,26
31.01.24,h,0.41020315926509154,12,54,25
29.12.23,b,1.4262181305442154,18,9,23
04.02.24,b,0.7925780409830467,19,29,37
22.02.24,d,1.0753714735959135,10,20,25
27.02.24,c,0.697049851095957,7,47,25
15.12.23,c,0.679326739678874,18,6,4
08.12.23,c,0.8619211392930985,13,0,28
23.01.24,a,0.7992663567250414,10,27,0
01.02.24,b,1.297080547112868,11,25,12
17.01.24,c,0.03333333333333333,12,17,25
14.01.24,a,0.606305309326606,6,56,44
25.01.24,b,0.4596293196251947,11,59,52
06.12.23,c,0.7099151615300694,9,12,27
19.01.24,b,0.7002066503090344,12,20,39
05.03.24,b,1.9083803965572992,13,27,44
18.01.24,a,1.219755159522199,9,3,20
05.01.24,d,0.9747438132554469,11,27,27
09.02.24,a,0.3482209106142298,8,4,11
27.02.24,c,0.19219475959092436,13,59,51
15.02.24,c,0.8161869819654866,10,33,50
25.01.24,b,0.1789020423193447,9,29,38
21.02.24,c,2.0051207182643203,9,22,59
22.01.24,d,0.3924865014062307,9,21,23
09.02.24,b,1.0336699442385022,11,0,11
11.01.24,d,0.7473085402459934,15,38,25
05.03.24,a,1.0455947222669182,22,4,15
21.02.24,c,1.0075255134519716,13,0,35
12.01.24,a,1.3985882980886046,12,53,30
08.01.24,d,1.0441575112846877,12,18,24
13.12.23,c,1.698471833614889,9,14,45
13.02.24,b,0.9128843455668578,11,30,16
24.12.23,b,0.15898444719374738,14,20,8
23.02.24,h,1.1078999240993022,9,20,18
04.01.24,a,0.36414313280952937,7,29,38
29.01.24,a,0.03333333333333333,15,28,46
30.01.24,b,1.2613889442136033,16,19,19
26.01.24,a,0.3631645414873992,8,48,57
05.03.24,a,0.7641412907797007,22,0,56
21.02.24,e,0.03333333333333333,8,57,13
13.02.24,a,0.13900946950207704,5,59,6
15.02.24,d,1.0025471522041791,11,35,18
29.12.23,b,1.03448672374945,7,22,30
17.02.24,b,1.2297561171377243,14,40,39
20.12.23,d,1.4992179860999881,14,36,36
18.01.24,e,0.06167763308704077,9,0,31
20.01.24,e,1.2781647445686075,7,7,59
14.12.23,a,1.1191481264972314,16,25,54
10.02.24,a,1.2291452153325277,14,15,59
28.12.23,a,0.03333333333333333,17,14,47
29.12.23,a,0.03333333333333333,15,25,20
12.02.24,d,1.2891039432991582,10,23,59
29.01.24,a,0.03333333333333333,16,30,47
08.01.24,b,1.4500127023846383,13,7,34
28.02.24,d,1.5172722924942017,17,42,45
19.02.24,c,1.3181153562670422,9,18,25
10.01.24,e,0.6448490561913359,12,59,45
17.01.24,c,0.7654925824572899,9,23,30
29.01.24,b,0.2199735048978858,14,35,30
19.02.24,b,1.0918914511454194,8,23,45
19.12.23,c,0.03333333333333333,16,22,1
20.02.24,d,0.03333333333333333,7,30,8
11.01.24,a,0.4204656498521418,14,27,0
07.02.24,c,0.4192236730201585,10,38,42
29.12.23,b,0.8639246436702069,11,28,14
21.02.24,b,0.9185677656362414,16,5,57
15.02.24,a,1.5697322890617422,17,31,4
19.01.24,b,1.1450145284259388,8,36,0
11.01.24,c,0.7915177551105089,15,32,53
07.01.24,c,0.8548449889424589,8,43,28
06.12.23,c,1.0457524528064663,16,6,23
15.01.24,c,0.37846968677900006,9,55,11
07.01.24,c,0.3830038072950125,11,28,35
29.12.23,c,0.3456034290200563,11,9,4
14.12.23,a,0.8424421472079189,9,46,36
05.01.24,c,0.43443607419948754,15,8,9
05.02.24,c,0.9410389957339546,7,30,29
18.02.24,b,0.825735435408096,15,47,42
05.01.24,c,0.6817542971500998,19,46,9
05.01.24,b,0.6537253488054084,12,41,26
13.02.24,b,0.049271942715737205,22,31,48
13.02.24,a,0.03333333333333333,20,17,37
13.02.24,a,0.7001450536891987,10,37,16
29.12.23,a,0.33727904562092126,8,22,17
19.01.24,c,0.9909120445405335,9,18,23
06.02.24,d,0.36510186489126567,14,13,29
16.02.24,a,0.9851996664093079,12,12,12
05.03.24,a,0.7276365874623956,9,52,38
11.01.24,c,1.3021719651105532,11,14,36
31.01.24,c,1.3148203490165127,8,15,48
29.01.24,b,0.7324521307200949,15,23,59
22.01.24,c,2.1763396817669887,10,10,59
17.01.24,d,1.1038613310276286,9,38,51
22.12.23,b,0.3009030569759937,11,55,32
31.01.24,e,0.4109142739578203,7,42,30
05.01.24,c,0.5007524282742295,10,46,30
25.01.24,c,0.03333333333333333,7,39,42
25.01.24,e,1.1264930849891603,17,39,46
17.02.24,d,0.22199129277023444,12,4,20
22.01.24,a,0.7674322318585552,10,39,38
23.02.24,h,1.0383297426835285,13,40,36
16.01.24,a,0.4464437866745026,12,32,17
17.01.24,c,0.03333333333333333,13,29,39
31.01.24,d,0.3120774065200615,15,55,40
19.02.24,c,0.36100827556088944,14,5,16
31.01.24,a,0.5053596357550928,8,42,39
19.01.24,a,0.9410452546537268,17,15,39
29.02.24,c,0.5513542193510184,13,24,17
15.02.24,b,0.2274968304758156,13,8,37
08.01.24,c,0.706851678695701,19,26,0
08.01.24,b,1.0413853332471972,9,43,45
12.02.24,c,1.0062597811667886,16,7,28
17.01.24,a,0.8275513733008472,17,28,33
11.01.24,h,1.1511027819406947,10,0,27
06.02.24,c,0.27750939053136525,16,20,15
12.02.24,c,1.0685853119529893,9,17,54
09.02.24,c,0.9470416087248117,15,23,57
12.01.24,c,0.03333333333333333,15,1,9
06.12.23,c,1.29060245150042,12,30,28
31.01.24,c,0.03333333333333333,9,31,29
28.02.24,a,0.1191388555905788,12,25,47
29.12.23,c,0.7348282792723413,22,0,16
05.03.24,e,0.03333333333333333,9,18,30
26.01.24,b,1.622260922172154,12,38,59
15.02.24,a,0.9254147233274734,10,29,29
05.03.24,c,0.10005300096494651,14,40,17
22.01.24,c,0.3619047784207516,15,28,59
03.01.24,b,0.32684732107369247,13,50,39
05.03.24,a,0.990735262589061,6,59,35
06.12.23,e,0.8080699587446976,5,59,42
09.02.24,b,0.06609066322192214,9,22,59
11.01.24,b,1.8277106095753421,15,13,22
31.01.24,c,0.37750916005004836,11,44,34
16.01.24,b,0.21627159987392686,8,33,9
17.01.24,b,1.1568676288761903,11,42,54
17.01.24,c,0.5329905920467723,7,44,31
23.01.24,b,0.13337721787211043,14,35,41
21.02.24,b,1.5237458960975578,12,25,41
24.12.23,h,1.0780890702943557,11,4,33
10.02.24,c,0.608413495112133,12,20,13
19.01.24,e,1.3819083052459014,11,18,12
14.01.24,c,1.1888422373068503,9,59,17
15.12.23,c,0.03333333333333333,11,36,52
06.12.23,c,0.6094802528590553,13,24,26
05.03.24,c,1.114235427656161,16,16,31
07.02.24,b,0.9038704856836077,12,7,23
17.01.24,b,0.04000118123501761,13,59,40
11.01.24,a,0.7163923504133771,11,0,59
20.01.24,c,0.9669060528692678,12,39,59
07.12.23,a,0.669352357926377,14,21,32
27.12.23,c,0.6315581540298483,14,19,27
23.01.24,d,1.0424894475330575,7,24,27
19.02.24,a,0.6039475210613267,6,40,22
11.01.24,a,0.03333333333333333,13,59,31
26.01.24,b,0.7471597727231752,16,36,21
08.01.24,b,1.1138816544581684,14,0,6
05.01.24,b,0.9694597978589223,15,56,32
20.02.24,c,0.03333333333333333,10,47,35
11.12.23,c,0.1747794132053262,10,30,42
05.01.24,a,1.0313668923797334,12,34,8
04.01.24,e,1.0421273771109294,16,52,36
21.02.24,a,0.5360444626549457,12,27,14
29.12.23,d,0.6993488858542405,13,9,29
15.01.24,c,1.0152931505925522,16,38,44
10.02.24,d,1.6067490230756434,8,7,29
03.01.24,c,1.113695825275376,17,50,26
11.01.24,a,0.86027679732694,7,26,52
21.02.24,a,1.2304981185824482,11,18,59
13.01.24,c,1.3884935963101095,7,19,15
13.12.23,b,0.4613850779749518,15,47,43
27.02.24,a,1.3717385270420128,6,42,48
10.01.24,d,0.8058238008092932,15,33,34
15.02.24,a,0.21824049690605463,17,0,10
10.01.24,a,0.2661383946464366,10,40,24
09.02.24,c,0.09092356152543313,16,49,0
11.01.24,b,0.8662224953586051,8,51,18
18.02.24,h,1.286880588839656,10,59,17
23.01.24,c,0.12594282069128648,12,26,41
04.01.24,c,0.5882855621886212,14,31,10
24.02.24,c,1.2574303663244821,14,16,26
09.02.24,d,0.616798456795491,12,40,7
17.01.24,b,1.2954000743489966,13,44,59
25.01.24,b,1.329309608013328,16,59,27
25.01.24,c,0.45371739796343646,12,42,11
13.02.24,b,0.03333333333333333,13,4,7
26.01.24,a,0.8493842802410322,9,42,37
26.01.24,h,1.0347384378612765,13,29,40
26.01.24,b,0.9593971556188279,15,59,42
25.01.24,a,0.4341704717922553,10,43,0
07.02.24,a,1.023105551724662,13,22,23
01.02.24,b,0.942483248310281,14,28,33
31.01.24,c,1.0256907789136684,11,21,41
31.01.24,a,1.3834840156396901,16,21,1
31.01.24,c,0.9838933186599549,10,54,16
16.02.24,a,1.0994808979403468,13,38,25
16.02.24,c,0.9181607071350693,5,29,55
21.02.24,a,0.6718027995330451,11,28,0
18.01.24,e,1.6032568552068818,11,40,10
27.02.24,b,0.9275393426007008,15,48,51
25.01.24,c,0.30032957039170133,6,33,31
05.01.24,a,1.6405788327093527,18,38,50
29.12.23,c,0.5690407949370381,8,39,59
05.01.24,b,1.307938496820456,12,24,59
06.12.23,b,1.6684308775169443,10,31,0
05.03.24,b,0.19972060406962122,13,40,49
26.01.24,c,0.30958091587858255,10,40,24
20.02.24,d,1.9185712973854658,10,25,23
06.12.23,c,0.7191971070613297,12,21,0
29.12.23,a,1.2219892361717983,15,41,42
05.03.24,a,1.0443337272421946,13,44,20
09.01.24,d,0.7935167727809278,13,42,25
04.03.24,b,0.8417014304654991,7,35,44
18.01.24,a,1.2852441216740949,13,11,45
19.01.24,c,0.03333333333333333,11,28,18
06.02.24,d,1.6624010017089748,11,34,45
20.02.24,a,0.8536075465329667,15,7,10
05.03.24,b,1.4126652675239337,12,3,30
20.12.23,b,0.22488563337838685,16,45,13
31.01.24,c,0.440464632865196,11,34,50
17.01.24,a,0.6424938986385362,14,35,59
29.01.24,b,1.0064059345740837,12,8,33
05.01.24,d,1.7404128365555236,12,39,59
03.01.24,d,2.0633112165511727,16,21,47
11.01.24,a,0.7122985620375273,13,15,23
27.12.23,e,0.12072808104696697,9,55,33
02.02.24,b,0.9144459211776591,12,41,30
21.12.23,a,0.902891971160497,8,34,30
23.01.24,b,1.0247174956751794,10,11,52
21.02.24,a,1.4777963132095637,10,54,31
05.01.24,a,1.0028537479815385,9,21,15
23.01.24,c,1.6961084633316137,14,38,14
05.01.24,b,0.21655967320294778,8,38,16
19.02.24,a,0.1844602128907008,5,53,17
17.01.24,b,1.1806966622865298,13,31,47
11.12.23,c,0.9933585375245905,9,52,7
23.01.24,c,0.03333333333333333,13,44,42
19.01.24,d,1.6048154313065317,13,27,18
05.01.24,c,0.904281941597487,13,19,37
25.01.24,d,0.42304253169741984,8,31,25
09.12.23,b,0.06933178706966547,14,36,22
29.01.24,c,0.03333333333333333,12,26,50
24.02.24,h,0.44629781597162826,11,18,18
21.02.24,c,0.5430878702514644,14,52,35
22.01.24,c,1.1550847392127432,10,47,5
08.01.24,b,0.564649439896131,11,31,51
08.01.24,a,0.03333333333333333,12,35,32
02.03.24,c,0.10833457851670625,6,59,33
15.01.24,e,0.6530023773634819,16,43,11
15.01.24,e,0.39542925795369155,8,0,11
14.01.24,b,1.2852055276859367,14,42,17
29.12.23,b,1.0995695803897998,9,46,10
31.01.24,b,1.1661774294376772,12,9,5
07.02.24,b,0.6739444485802117,10,33,37
16.02.24,c,0.913885614885642,8,27,17
23.01.24,b,0.03333333333333333,16,52,36
11.01.24,c,0.6515941077256058,11,39,49
05.03.24,b,0.03333333333333333,12,33,0
08.01.24,b,0.03333333333333333,7,59,59
31.01.24,c,0.0831275100316956,11,22,27
26.12.23,a,0.6561563555030556,9,41,7
17.01.24,c,0.3501140507605939,8,29,57
07.02.24,c,0.5252212206447232,12,23,39
19.02.24,b,0.615970214319784,8,43,40
19.01.24,a,1.0119470089634346,12,9,59
30.01.24,c,0.2660527668509608,10,35,59
11.12.23,b,0.47104561557586816,13,25,27
06.12.23,a,0.8375135488949663,15,30,50
20.12.23,c,0.6280279089139276,16,34,31
09.01.24,b,0.03333333333333333,11,34,14
24.02.24,b,1.189542980118853,5,19,29
29.12.23,c,1.417851968630968,18,1,21
16.01.24,c,0.6639370348251483,14,35,9
11.01.24,c,0.8344591433324977,13,18,48
20.01.24,c,1.1522720948092193,15,28,21
25.01.24,b,0.6938378665055707,11,45,59
29.01.24,c,0.922370200471884,11,49,59
19.02.24,b,0.8964298853542473,12,25,49
23.01.24,c,1.411049754615577,8,55,0
24.12.23,b,1.0875710061877593,18,39,30
28.12.23,b,1.2777112950467757,13,39,34
04.01.24,c,1.9087149134744714,11,22,50
04.01.24,b,1.3174352601548014,10,29,34
26.01.24,c,0.4755269989050247,10,27,41
13.02.24,a,0.16227182009203744,13,51,24
10.02.24,c,0.9317957751468273,5,54,36
25.01.24,a,0.3107607804360868,14,59,31
06.12.23,c,0.48749273028883444,7,59,17
29.01.24,c,1.5713513066715183,10,3,39
05.03.24,c,1.5913962233843724,8,47,2
31.01.24,c,0.4318785041458642,13,22,38
07.02.24,a,1.0798526815195946,13,20,18
23.01.24,c,1.3398264151011021,11,36,33
22.02.24,a,0.6219467811758089,11,57,22
06.02.24,a,0.35174982052173664,9,36,44
25.12.23,c,0.8033203269722158,10,23,37
13.12.23,h,1.7244677976888538,10,41,4
05.02.24,c,0.03333333333333333,15,15,59
25.01.24,a,0.23151918504759406,13,27,11
19.02.24,d,0.2945089468709459,22,17,28
31.01.24,a,0.6929574883694121,13,14,24
16.02.24,a,0.33108449478001045,14,45,59
25.01.24,a,0.8599360243806137,9,23,50
19.02.24,a,1.4251505332371348,9,36,11
14.01.24,b,0.8198540831478237,15,33,16
29.01.24,b,0.5957775125197895,13,9,24
22.01.24,b,0.8220272531615418,12,54,13
23.01.24,c,1.8899088010628553,12,26,39
14.02.24,a,2.08040496608224,16,42,22
19.02.24,h,0.2764321170142886,10,18,37
04.03.24,c,1.8336965602776116,8,41,59
11.01.24,a,0.9937903915599555,15,27,0
17.01.24,e,0.03333333333333333,6,0,16
01.03.24,a,0.48094459864073175,17,59,29
29.02.24,a,0.4685789505930128,5,48,55
22.12.23,a,0.8440390356155926,15,34,38
18.01.24,b,0.5677175764556519,17,29,24
11.01.24,a,1.2745242329140734,13,3,20
02.02.24,a,0.4085207600366242,15,9,52
11.12.23,b,1.086507036684609,8,17,54
